id,first_name,last_name,aadhaar_number,gender,age,blood_group,blood_pressure,cholestrol,heart_rate,disabled,diagnosis
1,Talbot,Holtham,694208847464,Male,13,A+,130/90,180.51,174,No,Amogus disease
2,Jean,Trownson,244197509608,Female,65,A-,125/85,168.74,137,No,Gastroenteritis
3,Talbot,Holtham,429438847464,Male,13,A+,130/90,180.51,174,No,"Sussy disease, Influenza, Flu"
9,Coral,Jemmett,679870335491,Female,98,O-,130/90,178.0,178,No,Osteoarthritis
10,Coral,Jemmett,679870335491,Female,98,O-,130/90,178.0,178,No,Osteoarthritis
11,Guenna,Hedingham,281685887512,Female,97,AB-,125/85,107.79,151,No,Pancreatic cancer
1,Talbot,Holtham,429438847464,Male,13,A+,130/90,180.51,174,No,"Parkinson's disease, Influenza"
2,Jean,Trownson,244197509608,Female,65,A-,125/85,168.74,137,No,Gastroenteritis
3,Denyse,Snow,685853616616,Female,87,AB-,125/85,239.78,147,Yes,Gastroesophageal reflux disease (GERD)
4,Amelita,Tant,442014689766,Female,27,O-,120/80,134.52,125,No,Insomnia
5,Tabina,Boldecke,434899659244,Polygender,51,O-,125/85,185.37,72,Yes,Amyotrophic lateral sclerosis (ALS)
6,Staci,McCritchie,914507442667,Female,25,O-,125/85,189.14,128,No,Malaria
7,Ealasaid,Considine,496508275191,Female,35,O+,125/85,173.25,61,No,Diverticulitis
8,Lynnet,Kleinhaus,958991878655,Non-binary,62,O-,130/90,144.28,151,Yes,Turner syndrome
9,Coral,Jemmett,679870335491,Female,98,O-,130/90,178.0,178,No,Osteoarthritis
10,Josias,Darridon,794556123654,Male,40,AB+,130/90,196.77,75,Yes,Insomnia
11,Guenna,Hedingham,281685887512,Female,97,AB-,125/85,107.79,151,No,Pancreatic cancer
12,Maggie,Thorouggood,460174666266,Female,53,A-,110/70,191.68,145,No,Myeloma
13,Smith,Khilkov,526861732379,Male,19,A-,110/70,152.69,103,Yes,Osteoarthritis
14,Axe,Redmire,754728643100,Male,59,A-,125/85,150.77,190,No,Huntington's disease
15,Hillie,Tune,716367481373,Male,45,AB-,120/80,267.25,172,Yes,Amyotrophic lateral sclerosis (ALS)
16,Torrin,Spridgeon,870140201499,Male,30,AB+,125/85,152.73,101,No,Addison's disease
17,Forest,Curdell,576681331230,Male,89,B-,110/70,130.84,79,No,Thrombosis
18,Cam,Atcherley,946088143393,Female,26,A-,110/70,227.3,125,No,Eczema
19,Sargent,Shemmin,818668440104,Male,53,O+,140/95,298.36,120,Yes,Thalassemia
20,Pasquale,Stiffkins,218570861098,Male,6,B-,125/85,114.52,63,Yes,Gastroesophageal reflux disease (GERD)
21,Erick,Dentith,322123065898,Male,57,B+,130/90,202.59,143,Yes,Eczema
22,Faun,Snowman,427064494637,Female,93,A-,130/90,124.93,103,No,Testicular cancer
23,Odette,Clutram,785210518062,Female,70,A-,110/70,148.69,157,Yes,Pneumonia
24,Gilda,Stainland,570977552941,Female,90,A-,110/70,122.13,83,Yes,Prostatitis
25,Cathrin,Flowerdew,536915814962,Female,23,O+,125/85,113.85,72,No,Chronic obstructive pulmonary disease (COPD)
26,Dillon,Attac,438525807157,Male,45,O-,140/95,184.82,177,Yes,Cardiovascular disease
27,Homere,Judron,442582067771,Male,5,AB+,130/90,234.94,156,Yes,Gastroenteritis
28,Edita,Carrivick,454628887110,Female,41,A+,140/95,106.22,103,Yes,Von Willebrand disease
29,Neron,Purtell,609161751118,Male,89,A-,120/80,111.76,89,Yes,Atherosclerosis
30,Philippine,Wescott,668195588687,Female,6,O+,110/70,166.22,75,No,Gastroenteritis
31,Vitoria,Janaway,985167997523,Female,34,B+,125/85,219.18,188,Yes,Kidney cancer
32,Twyla,Selman,396425480788,Female,10,O+,125/85,154.22,98,Yes,Lymphoma
33,Gayler,Daye,212823075419,Male,43,A-,140/95,106.75,190,Yes,Sleep apnea
34,Saundra,Jahnel,644070124125,Male,20,A-,120/80,107.23,86,Yes,Psoriasis
35,Meggie,Vesty,117230463595,Female,59,A+,125/85,155.66,189,Yes,Eczema
36,Henriette,Jandera,408880482933,Agender,93,AB+,140/95,260.1,78,No,Gout
37,Alano,Mulhall,227016526455,Male,82,O-,130/90,183.59,199,Yes,Cataracts
38,Antonella,Ouver,516135242362,Agender,33,A-,120/80,170.09,92,Yes,Glaucoma
39,Magdaia,Oliphard,532490037883,Non-binary,10,A-,130/90,140.17,196,Yes,Glioblastoma
40,Bondie,Perfili,602564414079,Male,69,B-,125/85,170.0,120,No,Meningitis
41,Sophronia,Dealy,435416287871,Female,40,A-,110/70,231.97,188,No,Diabetes mellitus
42,Melisenda,Barensen,850462804609,Female,39,B+,120/80,262.33,165,No,Wilson's disease
43,Delaney,Llewellen,481212516998,Male,101,O-,130/90,270.19,116,No,Gout
44,Fidole,Adenot,718030711434,Male,30,B-,130/90,147.21,155,No,Cirrhosis
45,Haslett,Heers,867094203018,Male,53,O-,125/85,205.22,149,Yes,Thyroid disorders
46,Raoul,Bewshaw,729553259157,Male,64,A+,130/90,116.99,101,Yes,Thalassemia
47,Buck,Simkiss,121733458581,Male,32,O-,140/95,190.1,145,Yes,Arthritis
48,Channa,Tidey,814539909785,Bigender,95,AB-,130/90,266.51,102,Yes,Psoriasis
49,Kaia,Liptrot,310552046247,Female,46,B-,140/95,230.71,115,Yes,Thalassemia
50,Thomas,Jenicke,432936864427,Male,28,O+,110/70,241.78,74,Yes,Varicose veins
51,Luz,Kesley,371493415599,Female,89,A+,120/80,240.38,179,Yes,Gastroenteritis
52,Shepard,Kunath,868020849345,Male,45,O-,125/85,101.43,193,Yes,Lymphoma
53,Marie-jeanne,McMillian,708098083522,Female,66,B+,130/90,156.28,78,No,Polycystic kidney disease
54,Douglass,Sholem,803071511235,Male,42,O-,130/90,204.82,159,No,Osteoarthritis
55,Kristien,Balchen,144547867336,Female,15,AB+,140/95,180.05,117,Yes,Endometriosis
56,Georgina,Bowdon,769601710793,Female,45,B-,110/70,185.48,119,Yes,Thalassemia
57,Adena,Gravet,472148028106,Female,82,O-,120/80,146.32,97,Yes,Schizophrenia
58,Chloette,Hedau,324695280330,Non-binary,28,O-,125/85,155.38,105,No,Myeloma
59,Andros,Roloff,173050079949,Bigender,38,AB-,120/80,231.85,65,No,Chronic obstructive pulmonary disease (COPD)
60,Abey,Coton,931237202638,Male,12,O-,140/95,223.41,68,No,Attention-deficit/hyperactivity disorder (ADHD)
61,Chauncey,Delos,626043325135,Male,5,AB-,125/85,161.72,112,Yes,Attention-deficit/hyperactivity disorder (ADHD)
62,Mario,Cosslett,405205412562,Male,102,AB-,130/90,282.43,163,No,Wilson's disease
63,Orel,Fydoe,637396462290,Female,70,A+,120/80,128.31,153,Yes,Cervical cancer
64,Gayle,Tarrier,189580446421,Female,10,B+,120/80,279.39,165,Yes,Addison's disease
65,Lawton,Shenton,339676424919,Male,20,B+,125/85,285.67,149,Yes,Thyroid disorders
66,Kassey,Marjoram,126125394647,Female,33,A+,130/90,158.97,178,Yes,HIV/AIDS
67,Gabriel,Edess,750190381789,Male,8,AB-,110/70,290.79,92,No,Menopause
68,Warren,Wade,291999247075,Male,89,O-,120/80,249.21,157,No,Osteoarthritis
69,Katherine,Penwarden,911063313126,Female,14,A-,140/95,261.65,135,No,Arthritis
70,Cesaro,Flint,556218354412,Male,63,AB-,120/80,294.21,167,Yes,Sickle cell anemia
71,Wit,Croisier,149982481135,Agender,14,A+,125/85,210.37,200,Yes,Alzheimer's disease
72,Liz,Boydle,200818371314,Female,98,B-,125/85,214.3,160,No,Amyotrophic lateral sclerosis (ALS)
73,Packston,Dossantos,507781565172,Male,64,AB+,130/90,149.89,94,Yes,Cancer
74,Donal,Bilfoot,823678241524,Male,37,O+,120/80,150.75,140,No,Bladder cancer
75,Hamil,Vahl,873944410876,Male,10,O+,120/80,297.36,139,Yes,Osteomyelitis
76,Melamie,Howsden,200202619645,Female,31,AB+,110/70,266.7,78,No,Rheumatic fever
77,Basil,Inderwick,881660447487,Male,17,O+,130/90,148.07,85,Yes,Thalassemia
78,Sheppard,Wilshaw,806583618305,Male,53,AB-,110/70,219.75,200,Yes,Pancreatic cancer
79,Jannelle,Segrave,649391942406,Female,89,AB-,140/95,172.26,113,No,Hepatitis
80,Dotty,Oganesian,876866112265,Female,41,A-,140/95,274.78,184,Yes,Attention-deficit/hyperactivity disorder (ADHD)
81,Gaynor,Fishwick,755122768652,Polygender,65,A-,120/80,144.89,73,Yes,Hemochromatosis
82,Conney,Mattersey,587292265229,Non-binary,89,AB-,125/85,139.8,112,Yes,Rheumatoid arthritis
83,Almira,Osgorby,392026966796,Non-binary,58,AB+,110/70,114.8,112,Yes,Von Willebrand disease
84,Corney,Oki,368322661134,Male,90,O-,120/80,153.59,128,Yes,Multiple sclerosis
85,Catharina,Nelthrop,702485170972,Non-binary,62,A-,125/85,176.29,197,No,Dengue fever
86,Roxanne,Ohm,394661137181,Female,16,O-,125/85,150.23,103,Yes,Malaria
87,Nicholle,Brittin,219445783327,Female,30,O+,130/90,100.81,176,Yes,Thalassemia
88,Rakel,Worswick,795154819874,Non-binary,29,O-,125/85,139.8,81,Yes,Uterine cancer
89,Shanie,Cassell,235856554791,Female,78,O+,110/70,238.37,173,Yes,Ebola virus disease
90,Dannye,Briggdale,361447959340,Female,33,A-,120/80,277.98,118,Yes,Melanoma
91,Sebastien,Probart,771841927981,Male,41,B+,140/95,222.96,95,No,Cataracts
92,Lynnette,Moar,372978428729,Female,67,B-,125/85,155.37,156,Yes,Sleep apnea
93,Deeann,Burchett,895957265210,Female,77,B-,140/95,124.81,192,Yes,Depression
94,Georgine,Burrow,824607542075,Female,9,A-,130/90,189.88,186,Yes,Graves' disease
95,Yorgos,Shilito,131036769086,Male,87,O+,125/85,173.04,99,Yes,Kidney cancer
96,Kaia,Dewen,288253717314,Female,14,B+,140/95,117.84,165,Yes,Asthma
97,Allene,Beney,921959902024,Genderfluid,71,O+,120/80,194.65,65,No,Pancreatic cancer
98,Tobiah,Milham,643619130190,Male,43,A+,125/85,125.72,154,No,Endometriosis
99,Cordelia,Lant,838400076627,Female,72,A+,120/80,240.87,169,No,Lupus
100,Evanne,Cowell,641821444947,Female,97,B+,110/70,298.02,131,No,Erectile dysfunction
101,Nowell,Zuanazzi,965321927512,Male,38,A+,140/95,210.66,90,No,Von Willebrand disease
102,Maggee,Cursey,347713612634,Female,5,AB-,140/95,103.63,107,No,Osteomyelitis
103,Fitz,Dunnion,273493191522,Male,28,B+,110/70,147.63,95,Yes,Huntington's disease
104,Ashlan,Duddy,777168153443,Female,40,B+,140/95,125.71,80,Yes,Attention-deficit/hyperactivity disorder (ADHD)
105,Gilligan,Laurent,543174404962,Female,4,O-,130/90,141.76,61,Yes,Premenstrual syndrome (PMS)
106,Alyda,Le Leu,617215798119,Female,60,AB-,125/85,156.36,200,No,Cataracts
107,Guss,Bloschke,864312609641,Male,59,O+,120/80,156.67,113,Yes,Ovarian cancer
108,Filbert,Phalp,967580134250,Male,97,A+,110/70,232.74,123,No,Asthma
109,Andree,Earry,774401690481,Female,38,A-,125/85,165.49,151,No,Uterine cancer
110,Gaspard,Urwen,889068809075,Male,26,A+,130/90,259.77,179,No,Kidney cancer
111,Antonietta,Dwine,180287417203,Agender,98,AB-,125/85,209.86,163,Yes,Crohn's disease
112,Emera,Pitway,166508620665,Female,14,B+,110/70,137.86,144,No,Wilson's disease
113,Pauly,Houseman,709680450431,Female,99,O-,125/85,292.26,139,Yes,Non-melanoma skin cancer
114,Northrup,Poag,720028928902,Male,64,AB+,120/80,283.46,197,No,Down syndrome
115,Fan,Lys,127237729161,Female,32,AB-,140/95,275.35,182,Yes,Premenstrual syndrome (PMS)
116,Burg,Grimsdyke,820166601620,Male,72,B-,140/95,290.64,135,Yes,Chronic obstructive pulmonary disease (COPD)
117,Anatol,Strickler,980124773269,Male,62,A+,120/80,189.94,159,No,Psoriatic arthritis
118,Lesya,Simonetti,547616574358,Female,55,AB-,130/90,112.38,190,Yes,Gastroenteritis
119,Donaugh,Iltchev,186201508759,Male,40,O+,125/85,127.01,175,Yes,Influenza
120,Rollins,England,137302330264,Male,80,B-,125/85,230.84,79,No,Gastritis
121,Yves,Dickings,256646794140,Non-binary,89,B-,125/85,171.18,95,No,Rheumatic fever
122,Kally,De Mitris,251332840351,Female,15,AB-,120/80,116.78,61,Yes,Gout
123,Ed,Brolly,599171713956,Male,43,AB-,110/70,275.16,184,No,Dengue fever
124,Chevalier,Moden,322671102888,Male,59,AB-,120/80,108.55,167,Yes,Schizophrenia
125,Thatcher,Lacheze,370086620076,Male,7,O+,110/70,231.74,65,Yes,Tourette syndrome
126,Emmeline,Letten,251564968877,Female,21,B+,130/90,181.71,104,No,Pancreatic cancer
127,Sada,Robelin,472145505202,Female,17,A-,120/80,187.14,65,Yes,Depression
128,Veriee,Tuffield,286891920311,Female,75,O+,120/80,273.14,87,No,Tuberculosis
129,Adolpho,Durtnell,284132510668,Agender,70,A+,140/95,134.89,99,Yes,Eczema
130,Don,Hills,596838296528,Male,60,AB+,120/80,295.91,124,No,Meningitis
131,Harland,Vondracek,236832295896,Male,39,AB-,125/85,214.48,67,No,Insomnia
132,Robinett,Vida,123195624415,Female,83,B+,130/90,287.49,171,Yes,Prostatitis
133,Lissie,Shilston,470735064032,Female,46,B-,125/85,161.92,67,No,Gastroenteritis
134,Rachael,Cregeen,961446636515,Female,94,A-,120/80,142.33,78,Yes,Huntington's disease
135,Dana,Vamplus,126372367332,Female,58,AB-,130/90,235.64,72,No,Insomnia
136,Colan,Connerly,545647979496,Male,4,O+,110/70,244.7,189,Yes,Psoriasis
137,Corella,Cousens,749475924973,Non-binary,20,A+,110/70,160.65,135,No,Sleep apnea
138,Niel,Mettricke,712556481526,Male,4,B-,130/90,287.17,89,Yes,Pancreatic cancer
139,Kincaid,Corlett,282349874170,Male,62,O-,125/85,292.61,151,Yes,Endometrial cancer
140,Tiebout,Joyson,714376670219,Male,98,B-,140/95,148.49,178,No,Hemophilia
141,Cristi,Dawson,997789486091,Female,47,A+,110/70,196.13,192,Yes,Osteoporosis
142,Caria,Anten,594256890894,Female,41,A+,130/90,107.67,64,No,Osteoporosis
143,Nikolai,Ridge,136993147919,Male,88,AB-,130/90,159.53,143,Yes,Bladder infection
144,Ingeberg,Janny,652907916302,Female,48,AB-,120/80,255.04,128,Yes,Erectile dysfunction
145,Doralynne,Kondratovich,610583579669,Non-binary,39,A-,120/80,165.57,101,Yes,Cholera
146,Sly,Berrigan,905665367063,Male,89,B+,110/70,241.23,119,Yes,Diabetes mellitus
147,Bald,Fass,539983924251,Male,89,B-,125/85,233.4,140,Yes,Macular degeneration
148,Tallia,Christer,811412614174,Female,87,A+,130/90,194.91,93,No,Sickle cell anemia
149,Thain,Filipychev,747237747747,Male,54,B-,130/90,214.24,187,No,Dengue fever
150,Jehanna,Killiam,652264221731,Female,56,O+,130/90,147.03,73,Yes,Lymphoma
151,Jereme,Robjohns,170664987685,Male,54,A+,130/90,271.24,195,No,Prostatitis
152,Lowell,Fanning,736297700396,Male,6,A+,125/85,243.61,175,Yes,Gastritis
153,Calhoun,Lanchester,380803525679,Male,35,B-,130/90,214.21,106,Yes,Peptic ulcer
154,Irwin,Syer,500559236151,Male,89,O-,125/85,293.25,131,No,Bladder cancer
155,Gaylene,Pache,654884621368,Female,97,O-,120/80,115.42,97,Yes,Rheumatoid arthritis
156,Mara,Aggett,996183231549,Female,8,A-,125/85,166.97,141,Yes,Diverticulitis
157,Meredithe,O'Docherty,857394261053,Female,15,A-,110/70,299.69,99,Yes,Erectile dysfunction
158,Bebe,Exelby,124618820675,Bigender,31,AB+,125/85,233.38,169,No,Schizophrenia
159,Vevay,Glendenning,269074402372,Non-binary,98,O+,120/80,182.42,199,Yes,Polycystic kidney disease
160,Ingamar,Grimsdike,518403812426,Male,15,AB-,140/95,292.9,105,Yes,Multiple sclerosis
161,Hanna,Dunkerly,666550479949,Female,59,B-,120/80,226.56,139,Yes,Varicose veins
162,Adriena,Pedroli,661655202895,Polygender,67,O+,110/70,251.15,113,No,Cardiovascular disease
163,Dave,Pitway,969805663317,Male,64,B+,125/85,270.92,89,Yes,Osteoarthritis
164,Giraud,Deeves,339177860193,Male,87,B-,125/85,241.15,135,No,Cardiovascular disease
165,Vickie,Kilgrew,857178279016,Female,35,A+,130/90,164.66,136,Yes,Hemochromatosis
166,Ketti,Dur,291594939498,Female,58,AB-,140/95,233.62,139,No,Osteoarthritis
167,Chip,Hamshaw,299077651566,Male,20,O-,120/80,255.26,146,No,Diabetes mellitus
168,Stanford,Nend,452773112950,Male,62,A-,120/80,127.76,186,Yes,Asthma
169,Linette,Baalham,853804420215,Female,72,AB+,120/80,145.89,62,Yes,Sickle cell anemia
170,Anstice,Clemot,955082501240,Female,69,B-,125/85,299.85,197,Yes,Gastroenteritis
171,Timotheus,Pitson,482827332742,Male,12,O-,130/90,241.95,87,Yes,Obsessive-compulsive disorder (OCD)
172,David,Pogosian,629115874452,Male,38,AB+,140/95,280.67,172,No,Prostatitis
173,Jojo,Brideoke,212355910804,Female,62,AB-,120/80,155.32,72,Yes,Thalassemia
174,Avis,Boraston,729546009748,Female,46,AB+,130/90,290.16,157,No,Celiac disease
175,Baxy,Polotti,543617420441,Male,89,B+,110/70,268.65,161,Yes,Hemochromatosis
176,Linoel,Climson,568875445401,Male,83,AB-,125/85,225.97,62,No,Rheumatic fever
177,Armand,Fontaine,892943404194,Male,5,O+,140/95,209.46,64,No,Ulcerative colitis
178,Ingemar,Aylen,538029673637,Male,14,B+,120/80,161.2,153,Yes,Diverticulitis
179,Alexandros,Fromant,119232711845,Male,6,B-,140/95,149.36,66,No,Endometriosis
180,Warde,Farrears,486577319080,Male,34,A-,130/90,146.95,192,Yes,Brain tumor
181,Samantha,Rosenfarb,945820576944,Female,63,B+,130/90,245.93,178,No,Tuberculosis
182,Simonne,Huggill,553213119674,Female,99,O+,125/85,136.64,86,Yes,Wilson's disease
183,Rocky,Pigot,461479013562,Agender,56,O-,140/95,286.49,143,Yes,Influenza
184,Gena,Souness,914805697726,Female,40,AB+,120/80,136.37,185,No,Lupus
185,Elissa,Horley,596437503169,Agender,66,AB+,140/95,204.94,95,No,Macular degeneration
186,Valerie,Dukelow,919081995462,Female,66,AB+,140/95,201.35,144,Yes,Ulcerative colitis
187,Sayre,Benyan,278176058572,Male,69,B-,130/90,182.42,162,Yes,Influenza
188,Emmet,Form,235196755153,Male,71,B-,120/80,223.96,77,Yes,Chronic kidney disease
189,Thekla,Von Der Empten,687019936979,Female,72,O+,130/90,110.66,66,Yes,Osteomyelitis
190,Heather,Mathison,439402786005,Female,101,A-,130/90,270.44,152,No,Varicose veins
191,Lindsy,Wilcocke,243782102247,Female,51,B+,125/85,138.53,83,Yes,Non-melanoma skin cancer
192,Rusty,Ferriday,491124755704,Male,42,AB-,140/95,130.5,170,No,Leukemia
193,Lindsey,Liebmann,661425646844,Polygender,6,O-,130/90,227.31,98,Yes,Alzheimer's disease
194,Issy,Leacy,112276114696,Female,23,AB+,120/80,100.61,132,Yes,Prostatitis
195,Jamie,Hartropp,739877489938,Male,38,A+,140/95,225.43,115,No,Fibrosis
196,Cheri,Edmeades,290686930195,Female,27,AB+,110/70,142.43,194,No,Hypertension
197,Dannie,Clementel,138344533279,Female,101,A+,140/95,192.79,133,No,Cancer
198,Herold,Causby,151853116703,Male,22,O+,140/95,180.26,115,Yes,Fibromyalgia
199,Monroe,Van den Dael,687154089249,Male,78,A+,110/70,172.79,157,No,Tourette syndrome
200,Ida,Blowen,895022845224,Female,19,O-,125/85,184.68,135,No,Crohn's disease
201,Roderich,Scurry,938455461174,Male,5,AB-,130/90,231.53,184,Yes,Gastritis
202,Chrissie,Bartol,887454993729,Male,27,B-,120/80,250.45,80,Yes,Thrombosis
203,Cahra,Lusher,739426962753,Female,102,A-,140/95,256.37,147,No,Insomnia
204,Imogen,Biasotti,965369621834,Female,55,A+,130/90,255.33,136,No,Osteomyelitis
205,Hally,Cunniff,904289185104,Female,57,B+,120/80,176.3,111,No,Myasthenia gravis
206,Thadeus,McCaffrey,406144642389,Male,47,O-,125/85,235.78,104,No,Depression
207,Berni,Tinkler,528426691937,Female,9,B-,140/95,133.95,93,No,Menopause
208,Dorey,Sarfas,148189457761,Male,30,B-,120/80,210.01,139,No,Psoriatic arthritis
209,Matthieu,Purchall,582991138149,Male,20,B+,110/70,224.08,154,Yes,Cataracts
210,Torrin,Drugan,610656669030,Male,12,AB-,130/90,124.26,115,No,Cancer
211,Arte,Chatell,936860978537,Male,82,O-,140/95,148.31,144,No,Ulcerative colitis
212,Karoline,Goldsworthy,265421901162,Female,43,B+,125/85,185.75,165,No,Celiac disease
213,Owen,Stoeck,424207052144,Male,91,A+,110/70,282.66,185,No,Schizophrenia
214,Lelia,Bencher,998915558771,Non-binary,69,B-,110/70,155.07,92,No,Glaucoma
215,Vincenz,McAnellye,337845874037,Male,58,B-,125/85,273.04,175,Yes,Influenza
216,Deina,MacCaughey,957499723131,Female,58,O-,110/70,168.6,104,Yes,Lupus
217,Jephthah,Williscroft,818728643968,Male,10,B-,110/70,256.57,172,Yes,Atherosclerosis
218,Winfred,Grennan,788913737089,Male,82,AB+,130/90,133.52,71,Yes,Obsessive-compulsive disorder (OCD)
219,Klement,Gravatt,588857339268,Male,31,AB+,125/85,281.88,118,Yes,Glioblastoma
220,Flint,Bird,419156766084,Male,18,A-,110/70,252.48,132,Yes,Eczema
221,Desiree,Mulrooney,809117502853,Bigender,99,A-,125/85,152.62,94,No,Cardiovascular disease
222,Myrna,Cornfield,325212425616,Female,65,B-,110/70,117.14,197,No,Hepatitis
223,Waverley,St Louis,315864042897,Male,78,AB-,140/95,210.58,171,No,Osteomyelitis
224,Emile,Rihanek,393680088467,Male,82,A+,130/90,273.57,172,Yes,Gastritis
225,Marissa,Benning,681630961045,Female,19,O+,110/70,247.42,96,No,Down syndrome
226,Grady,Garthshore,226949402006,Male,33,B-,120/80,176.35,187,No,Rheumatoid arthritis
227,Jens,Fewell,760145956249,Male,22,A-,125/85,284.84,63,No,Ovarian cancer
228,Dreddy,Groucock,444826398106,Bigender,20,AB-,140/95,248.74,69,Yes,Osteomyelitis
229,Dare,Friedlos,719951547810,Male,51,A-,130/90,229.21,125,Yes,Diabetes mellitus
230,Marice,Sanches,604652957092,Female,30,A-,130/90,219.41,138,Yes,Psoriatic arthritis
231,Faythe,Malden,543851613605,Genderfluid,32,A+,140/95,178.8,86,No,Rheumatoid arthritis
232,Burtie,Skurray,535065832869,Male,69,B+,125/85,183.89,155,No,Amyotrophic lateral sclerosis (ALS)
233,Garland,De La Hay,366776094129,Female,97,A-,140/95,268.0,158,Yes,Diverticulitis
234,Carling,Castellani,283275734451,Male,12,O+,140/95,196.89,153,No,Pneumonia
235,Kendell,Burborough,161639583158,Polygender,51,AB+,140/95,215.32,188,Yes,Cancer
236,Hersh,Downey,394121440695,Male,82,B-,130/90,175.64,117,No,Pneumonia
237,Janeczka,Pagden,106189180343,Genderqueer,103,AB+,120/80,151.63,70,Yes,Lymphoma
238,Tamarah,Cicculini,721496993210,Female,33,B-,140/95,116.84,142,Yes,Influenza
239,Alexandre,Cathie,799999028669,Male,66,A+,130/90,256.56,101,No,Brain tumor
240,Flint,Faircliffe,858819759554,Male,7,A-,125/85,174.47,65,No,Osteomyelitis
241,Hailee,Jirsa,732831174104,Female,32,O+,130/90,191.8,165,No,Cancer
242,Ondrea,Bryning,581464206812,Female,62,O+,120/80,125.4,84,No,Gastritis
243,Earvin,Phorsby,395853532645,Male,83,B-,110/70,143.98,119,Yes,Uterine cancer
244,Jelene,Voden,946447642086,Female,78,B-,130/90,228.96,153,No,Hepatitis
245,Jorie,Hartness,703419772392,Female,65,A-,110/70,182.21,140,Yes,Chronic obstructive pulmonary disease (COPD)
246,Hewe,Ounsworth,587267722731,Male,15,A+,140/95,291.06,94,No,Attention-deficit/hyperactivity disorder (ADHD)
247,Candice,Attlee,705782443500,Female,21,AB-,130/90,145.82,199,Yes,Bipolar disorder
248,Appolonia,Bengefield,650145205744,Female,45,AB-,110/70,109.41,199,Yes,Premenstrual syndrome (PMS)
249,Huntley,Northley,345605721586,Male,31,A-,120/80,107.31,69,No,Graves' disease
250,Debee,McCrillis,259551333875,Female,17,A+,120/80,253.91,116,No,Kidney cancer
251,Chip,Lealle,918698380788,Male,99,AB+,110/70,253.23,111,No,Rheumatic fever
252,Giffer,Websdale,623971798520,Male,89,A+,125/85,153.15,96,No,Psoriatic arthritis
253,Erin,Milnthorpe,233922072057,Female,59,B-,120/80,221.78,189,Yes,Polycystic ovarian syndrome (PCOS)
254,Hussein,Banger,110148791802,Male,10,B-,130/90,184.74,200,Yes,Cancer
255,Phil,Gauld,393236385276,Male,55,A+,130/90,104.96,192,Yes,Lymphoma
256,Arabel,Penwright,987739377149,Non-binary,38,B-,130/90,137.52,182,No,Diverticulitis
257,Denney,Borwick,286433439237,Male,74,O-,120/80,179.53,149,No,Lupus
258,Brita,Hissett,806638177797,Female,82,AB-,130/90,225.71,158,No,Brain tumor
259,Kiah,Screeton,925346975240,Female,92,A+,110/70,123.05,114,No,Cervical cancer
260,Amelie,Garrad,684410719756,Female,87,O+,120/80,289.72,60,No,Hemophilia
261,Kizzie,Flatt,688081571341,Female,76,O-,125/85,195.26,73,Yes,Melanoma
262,Roselia,Kennon,731072294420,Female,42,A+,120/80,154.49,81,No,Rheumatoid arthritis
263,Thorstein,Reyna,195006443030,Male,90,A+,110/70,155.15,144,No,Osteoarthritis
264,Howey,Townend,596384910876,Male,78,A+,110/70,105.05,150,Yes,Hepatitis
265,Garey,Stanmore,969569496608,Male,82,AB-,140/95,261.36,185,No,Crohn's disease
266,Tommie,Paulat,163756068387,Female,32,O+,140/95,111.27,85,Yes,Hepatitis
267,Matthus,Carloni,195753963050,Male,35,B+,120/80,104.6,110,No,Varicose veins
268,Dexter,Peagrim,585613528627,Male,75,B-,125/85,150.82,75,No,Celiac disease
269,Jennine,Killingsworth,940692606518,Female,53,O-,125/85,106.95,185,Yes,Fibromyalgia
270,Giovanna,Baddam,365785394749,Polygender,72,B-,125/85,256.72,70,Yes,Rheumatic fever
271,Rutherford,Fawlks,396750655037,Male,25,O+,125/85,127.09,97,No,Celiac disease
272,Bartie,Daughtrey,220372930109,Male,40,AB-,130/90,283.4,114,No,Cataracts
273,Alejoa,Alger,520375701060,Male,90,A+,110/70,253.28,178,Yes,Cataracts
274,Jereme,Samber,609173655130,Male,41,B-,125/85,127.66,138,No,Cancer
275,Townie,Glide,166060641887,Male,62,O+,140/95,215.0,103,Yes,Addison's disease
276,Lothaire,Paynes,791857876576,Male,64,O-,110/70,274.11,84,No,Asthma
277,Tammie,Schrieves,144847097443,Female,13,AB+,140/95,200.68,68,No,Down syndrome
278,Addie,Tonner,680873135718,Male,76,B-,130/90,255.65,63,No,Fibrosis
279,Barbey,Jaqueminet,615360097898,Female,24,AB-,110/70,223.01,192,Yes,Acne
280,Dorree,Fessier,287560822379,Genderfluid,20,O-,125/85,173.77,137,Yes,Arthritis
281,Conway,Loud,485973110390,Male,37,A-,130/90,228.18,176,No,Asthma
282,Nico,Ipsley,572966145663,Male,100,O+,140/95,246.09,191,Yes,Bladder cancer
283,Madonna,Sifflett,543797620352,Female,15,A-,125/85,253.4,117,Yes,Malaria
284,Roosevelt,Jepson,432322662030,Male,74,O-,110/70,156.99,190,Yes,Glaucoma
285,Konstantine,Heatly,347960725135,Male,90,B+,140/95,165.21,86,Yes,Ovarian cancer
286,Claudia,Scase,525968133779,Female,66,A+,140/95,192.71,149,Yes,Cirrhosis
287,Tomas,Tackle,889579843231,Male,66,B-,110/70,162.57,99,No,Bipolar disorder
288,Karilynn,Ommundsen,543460585120,Bigender,97,B+,120/80,236.17,181,No,Tourette syndrome
289,Chico,Gotthard.sf,221776793249,Male,84,AB+,110/70,277.86,99,No,Diverticulitis
290,Kaleb,Benyon,823062556325,Male,26,B-,110/70,214.39,193,No,Pancreatic cancer
291,Chrisse,Lock,530353753766,Male,53,O-,125/85,288.33,125,No,Chronic obstructive pulmonary disease (COPD)
292,Cart,Dalziel,517538385575,Male,34,O-,125/85,114.03,132,No,Lymphoma
293,Sylas,Ryles,934084366001,Male,43,O+,130/90,118.91,100,Yes,Multiple sclerosis
294,Ora,Jimmison,937467612851,Female,53,B+,125/85,233.75,189,No,Sickle cell anemia
295,Ysabel,Patington,646441897654,Female,26,A-,130/90,211.23,160,No,Rheumatoid arthritis
296,Betteanne,Boarer,116377947831,Female,33,O-,130/90,152.03,163,Yes,Insomnia
297,Odo,Wintour,837035290296,Male,25,B+,125/85,199.36,145,No,Alzheimer's disease
298,Walton,Kliemke,747746307772,Male,72,A-,110/70,118.7,168,Yes,Rheumatic fever
299,Teodorico,Fitchell,430727073469,Male,79,O+,110/70,121.29,196,Yes,Parkinson's disease
300,Raleigh,Tuma,645406969533,Male,88,AB+,130/90,296.24,168,Yes,Osteoporosis
301,Lou,MacQuaker,670314622657,Genderqueer,76,O-,110/70,257.17,127,Yes,Eczema
302,Marnie,Thomelin,110822887108,Bigender,87,O-,125/85,289.35,111,No,Brain tumor
303,Mead,Mattheeuw,539771309771,Female,16,B+,130/90,145.28,144,Yes,Myasthenia gravis
304,Rhodia,Pinyon,891480395469,Female,49,B+,130/90,233.38,91,Yes,Gastritis
305,Ara,Yetts,140112752334,Female,89,O-,140/95,154.01,76,No,Pancreatitis
306,Nanni,Bardey,564979871441,Female,72,AB-,120/80,183.67,114,Yes,Erectile dysfunction
307,Nert,Moscon,344160554707,Female,99,AB+,130/90,269.8,137,Yes,Chronic kidney disease
308,Laurianne,MacGuffie,409065205460,Genderfluid,69,AB+,120/80,185.81,90,No,Fibromyalgia
309,Archibaldo,O'Doireidh,881238331099,Male,66,B-,140/95,160.32,137,No,Cholera
310,Gussie,O'Scollee,472115982044,Female,38,B+,130/90,141.66,174,No,Parkinson's disease
311,Chandra,Lowdiane,468484108003,Female,52,AB+,130/90,280.33,86,Yes,Brain tumor
312,Terza,Deem,154692423395,Female,10,A+,140/95,149.1,68,No,Erectile dysfunction
313,Tonia,Stobo,672351203053,Female,24,AB-,130/90,161.63,110,No,Glaucoma
314,Melisandra,Grinsted,401473597173,Female,94,A+,110/70,112.84,122,Yes,Gastroesophageal reflux disease (GERD)
315,Ignacius,Paintain,440956890873,Male,46,A-,125/85,160.89,125,No,Fibromyalgia
316,Burton,Geldert,261103775482,Male,50,O-,110/70,235.39,67,No,Cancer
317,Elspeth,Bromby,287550287615,Female,13,A-,120/80,262.15,171,Yes,Cervical cancer
318,Bondon,Deerr,582416502529,Male,80,O+,110/70,239.94,196,No,Hemochromatosis
319,Mirna,Huthart,256578989840,Female,94,A-,130/90,112.69,188,Yes,Diabetes mellitus
320,Gwyn,Note,302748905234,Female,61,O-,130/90,203.98,133,No,Osteoarthritis
321,Dirk,Beacroft,810709790485,Male,80,AB+,120/80,286.32,144,No,Cirrhosis
322,Norbie,Phillipson,589050728219,Male,60,B-,130/90,258.85,150,Yes,Varicose veins
323,Garvy,Bartomeu,311290326816,Male,13,B+,130/90,248.61,114,No,Gout
324,Lou,D'Cruze,350825500449,Female,55,B-,110/70,113.54,140,No,Brain tumor
325,Tawnya,Castagne,177984286499,Female,32,B+,140/95,233.64,165,Yes,Turner syndrome
326,Bartram,Halversen,839306661669,Male,75,A+,140/95,169.98,197,No,Varicose veins
327,Kaleb,Yakutin,229631864614,Male,49,O+,120/80,196.18,68,No,Obsessive-compulsive disorder (OCD)
328,Jock,Maplestone,825898282794,Male,14,O-,130/90,155.9,175,Yes,Gout
329,Emmott,Lawland,286369230634,Genderqueer,9,AB-,125/85,251.78,183,Yes,Irritable bowel syndrome (IBS)
330,Andros,Tidgewell,454729084718,Male,72,A-,125/85,270.78,74,Yes,Erectile dysfunction
331,Leisha,Haddick,922549022512,Agender,58,B-,110/70,210.24,146,No,Kidney stones
332,Alyosha,Gudeman,587328720704,Male,62,A+,140/95,166.75,160,Yes,Ebola virus disease
333,Rita,Whyteman,678395719491,Female,95,O-,110/70,223.69,104,Yes,Meningitis
334,Culver,Olley,370258882371,Male,54,AB-,130/90,244.82,114,Yes,Gout
335,Aggie,Beauly,169656332100,Female,25,AB-,120/80,166.53,136,Yes,Addison's disease
336,Ernest,Ashling,326917279559,Male,15,A+,120/80,236.54,70,Yes,Non-melanoma skin cancer
337,Janessa,Piatkow,413525987144,Female,58,B-,140/95,197.81,170,No,HIV/AIDS
338,Eleen,Pietrusiak,297539546951,Female,78,B+,120/80,211.47,109,Yes,Psoriatic arthritis
339,Henri,Petrolli,996214148937,Polygender,11,O+,125/85,218.76,64,No,Thyroid disorders
340,Reeva,Macro,866062053196,Female,97,A+,140/95,103.74,89,Yes,Tourette syndrome
341,Antonino,Rawdall,557438979919,Male,8,B-,110/70,177.6,180,Yes,Glaucoma
342,Chance,Ducroe,982122794833,Male,70,O-,130/90,115.8,169,No,Ebola virus disease
343,Mathew,Rowledge,689239813971,Genderfluid,70,AB+,125/85,292.8,153,Yes,Cardiovascular disease
344,Janice,Hagwood,115227201370,Female,73,O+,110/70,189.45,182,No,Kidney cancer
345,Malena,Ivashnikov,582403559262,Female,64,AB-,120/80,131.68,196,Yes,Sickle cell anemia
346,Corella,McMillan,125605269349,Female,34,AB+,130/90,252.37,185,No,Gastroesophageal reflux disease (GERD)
347,Mia,Cabbell,348827570027,Female,35,O+,140/95,172.22,159,No,Cervical cancer
348,Bondy,Everill,660769468270,Male,22,B-,120/80,251.69,121,Yes,Sleep apnea
349,Lonee,Filipov,131559903087,Polygender,86,O-,130/90,100.43,105,Yes,Parkinson's disease
350,Philip,Waddam,179415887732,Bigender,43,AB+,120/80,215.02,83,No,Atherosclerosis
351,Gregor,Hiseman,796445462391,Male,36,O+,125/85,216.08,181,No,Diverticulitis
352,Craggy,Wittey,572798021497,Male,35,AB-,110/70,177.34,161,Yes,Cervical cancer
353,Lynnett,Pottage,899128135553,Female,41,O-,130/90,268.37,62,No,Diabetes mellitus
354,Clotilda,Pimblett,155035111297,Female,56,A-,125/85,180.16,135,No,Osteoarthritis
355,Cicely,Andreassen,364617109380,Female,90,AB+,140/95,216.27,189,No,Ulcerative colitis
356,Antonio,Cousens,772374548367,Male,102,AB-,140/95,150.95,87,No,Influenza
357,Base,Jelfs,722114064282,Male,89,AB-,125/85,138.99,89,No,Melanoma
358,Northrop,Fosken,284085088160,Male,18,AB-,140/95,178.54,133,No,Polycystic ovarian syndrome (PCOS)
359,Matthiew,Isakowicz,946927447972,Genderfluid,102,B-,110/70,178.68,186,Yes,Sleep apnea
360,Teodora,Whatling,849482551207,Female,81,A-,125/85,278.44,134,No,Osteoarthritis
361,Daisey,Kervin,609067257778,Female,103,O+,130/90,265.79,154,Yes,Diabetes mellitus
362,Kissie,Tuhy,377629781940,Female,61,B+,125/85,161.69,105,Yes,Arthritis
363,Lorianna,Stinchcombe,606284476342,Genderfluid,35,AB+,110/70,132.14,85,No,Varicose veins
364,Seumas,East,944575352762,Male,61,B+,125/85,169.18,79,No,Gastroesophageal reflux disease (GERD)
365,Wheeler,Deex,826287869882,Male,70,O-,125/85,121.53,135,Yes,Macular degeneration
366,Wittie,Gimert,597476265923,Male,46,AB-,140/95,127.44,164,No,Eczema
367,Vladamir,Kerford,864601378767,Male,21,AB+,125/85,266.48,158,No,Psoriatic arthritis
368,Adoree,Child,228699328464,Female,53,B+,130/90,153.77,97,Yes,Varicose veins
369,Janet,Chazotte,127877918676,Female,44,AB+,120/80,225.24,195,No,Asthma
370,Monti,Vize,764961304532,Male,38,O-,130/90,178.16,103,Yes,Eczema
371,Shoshana,Bellinger,530536042454,Female,77,B+,125/85,193.65,160,Yes,HIV/AIDS
372,Dulci,Feldmesser,238584893399,Polygender,6,B+,110/70,287.2,163,Yes,Kidney cancer
373,Hilary,McKea,670980984800,Genderqueer,32,A-,130/90,294.2,104,No,Kidney cancer
374,Giffer,Bartoszewski,700112629730,Male,64,O-,130/90,157.35,83,No,Bipolar disorder
375,Shepherd,Donet,689346367477,Male,3,A+,120/80,121.31,162,No,Gout
376,Kinsley,Ramsier,522273722368,Genderfluid,55,A+,120/80,249.86,60,Yes,Amyotrophic lateral sclerosis (ALS)
377,Zelma,Wellfare,288526143490,Female,91,B+,110/70,259.46,117,Yes,Tourette syndrome
378,Anni,MacCartan,429431066626,Non-binary,36,O+,125/85,112.41,82,No,Cholera
379,Aloysius,Girardoni,281779638276,Male,91,AB+,140/95,235.7,172,No,Rosacea
380,Austine,Satterly,860163321865,Female,96,B+,110/70,161.91,99,Yes,Osteomyelitis
381,Mira,Wonfor,270825328653,Female,5,B-,130/90,138.0,178,Yes,Pancreatitis
382,Lilias,Paulot,643933212687,Non-binary,34,O+,140/95,287.95,73,No,Anxiety disorders
383,Wilona,Moreinu,972203347995,Female,10,B+,140/95,219.0,169,No,Ovarian cancer
384,Rahel,Norssister,920719757341,Genderfluid,101,AB+,125/85,261.59,157,No,Gout
385,Garrick,Dust,790572183584,Male,46,AB-,125/85,107.18,71,No,Rheumatic fever
386,Jose,Lightbourn,366618226722,Male,93,A-,110/70,279.67,143,Yes,Insomnia
387,Maud,Cawthera,882613022765,Female,39,O-,130/90,229.3,176,No,Celiac disease
388,Ginevra,Dicte,391441362989,Female,58,B-,110/70,280.17,179,No,Schizophrenia
389,Aloin,Crickmore,650066939953,Male,59,O-,130/90,292.61,127,Yes,Parkinson's disease
390,Mal,Bofield,383350501428,Male,72,B+,125/85,226.62,89,Yes,Multiple sclerosis
391,Carroll,Acom,526365814836,Male,45,A+,120/80,279.89,167,No,Diabetes mellitus
392,Brooks,Drewry,626234036278,Male,31,AB+,125/85,273.95,91,Yes,Wilson's disease
393,Sadie,Snarr,488617062459,Female,92,O+,140/95,254.31,173,Yes,Tuberculosis
394,Dwayne,Rupp,994961764415,Male,96,AB-,110/70,246.11,88,Yes,Erectile dysfunction
395,Daniele,Davidovicz,472801800257,Female,69,O-,140/95,208.53,111,Yes,Thalassemia
396,Kurtis,Jolland,324277612610,Male,23,O+,110/70,205.51,161,No,Von Willebrand disease
397,Cristiano,Pach,700996071491,Male,67,AB-,130/90,179.46,119,Yes,Endometriosis
398,Desmund,Schelle,237885059140,Male,33,AB-,110/70,147.63,88,Yes,Thalassemia
399,Griffy,Goode,866738696260,Male,93,O+,120/80,209.25,91,Yes,Myasthenia gravis
400,Genny,Kenwood,786518528078,Female,35,A+,110/70,238.15,64,No,Parkinson's disease
401,Dara,Quene,502209859665,Female,80,A-,125/85,112.22,145,Yes,Ulcerative colitis
402,Bianka,Isaacson,688379293779,Female,6,AB-,120/80,260.13,183,No,Glioblastoma
403,Leigh,Clemente,875812073564,Male,38,A+,110/70,277.54,171,Yes,Hemochromatosis
404,Arny,Laughlin,768170987613,Male,20,B-,120/80,119.69,79,Yes,Multiple sclerosis
405,Merv,Beevens,711609356388,Male,7,B+,130/90,123.25,92,No,Diabetes mellitus
406,Linc,Gerardin,776551551087,Bigender,12,O-,130/90,200.53,190,No,Osteoarthritis
407,Remus,Nealon,693268435059,Male,20,O+,110/70,203.8,145,No,Depression
408,Shir,Eccles,183786049654,Female,11,AB-,140/95,182.82,167,Yes,Cirrhosis
409,Myrtice,Ansty,831005323390,Female,87,AB+,120/80,174.84,69,No,Malaria
410,Gun,Voysey,671878557823,Male,14,A+,120/80,195.36,133,Yes,Insomnia
411,Carmine,Ridesdale,527562748034,Male,91,A-,140/95,225.67,197,No,Bipolar disorder
412,Danell,Richardin,587655843971,Female,17,B+,130/90,230.08,96,Yes,Myeloma
413,Haze,Jarry,244352880772,Polygender,17,A-,110/70,288.03,148,Yes,Chronic obstructive pulmonary disease (COPD)
414,Misha,Ely,223953522821,Female,83,B+,125/85,297.96,76,Yes,Diverticulitis
415,Niall,Shilston,617971708039,Male,55,B-,130/90,103.08,109,No,Down syndrome
416,Maxim,Lethbury,215073247371,Male,3,AB+,140/95,190.81,107,Yes,Cirrhosis
417,Florella,Minogue,870482989195,Female,7,A-,120/80,156.69,200,Yes,Bladder cancer
418,Cammy,Frawley,621831909523,Male,24,O-,130/90,140.4,183,Yes,Varicose veins
419,Steven,Iacomo,271627948192,Male,16,A+,130/90,185.82,101,No,Von Willebrand disease
420,Saunders,Smails,838799634594,Male,101,AB-,120/80,118.66,185,Yes,Macular degeneration
421,Kayla,Kordes,126568059045,Female,98,O+,125/85,290.94,187,No,Lymphoma
422,Dollie,Warsap,238116188330,Female,50,AB+,120/80,260.2,70,Yes,Ulcerative colitis
423,Miner,Usborn,402067370167,Male,59,AB-,140/95,133.91,118,Yes,Cataracts
424,Murry,Rozec,891002187961,Polygender,59,O+,130/90,144.22,165,Yes,Varicose veins
425,Mason,Puller,848977350842,Male,64,A+,120/80,169.12,98,Yes,Ebola virus disease
426,Vicki,Wollard,360234758331,Female,31,A+,130/90,173.23,185,Yes,Glioblastoma
427,Jeremie,Collidge,172706631865,Male,14,B-,130/90,284.2,150,Yes,Ovarian cancer
428,Cross,Dymocke,716545315008,Male,16,B-,125/85,216.35,132,No,Brain tumor
429,Marsha,Ben,100308627653,Female,65,AB+,110/70,200.95,138,Yes,Schizophrenia
430,Say,Vonasek,741149380807,Male,75,A+,130/90,254.28,107,Yes,Attention-deficit/hyperactivity disorder (ADHD)
431,Nevil,Goldin,325298000074,Male,21,A+,130/90,186.06,139,No,Attention-deficit/hyperactivity disorder (ADHD)
432,Randa,Allderidge,148007121102,Female,57,AB+,125/85,241.83,81,No,Autism spectrum disorder
433,Fraser,Stephenson,968302342355,Male,58,O+,120/80,175.78,88,Yes,Ulcerative colitis
434,Bail,Noke,616639328470,Male,27,O-,130/90,250.59,136,Yes,Psoriatic arthritis
435,Bab,Mewes,339393097943,Female,56,A+,125/85,257.99,96,Yes,Polycystic kidney disease
436,Legra,Abramovitch,492078485721,Female,74,B+,125/85,269.94,91,Yes,Myeloma
437,Stefa,Hainey,265209778399,Female,72,AB+,110/70,134.13,189,Yes,Gastroesophageal reflux disease (GERD)
438,Aurelie,Washbrook,710690173159,Female,27,A+,110/70,147.87,118,Yes,Anxiety disorders
439,Keen,Volage,568210944235,Male,54,AB-,110/70,126.74,143,Yes,Endometrial cancer
440,Bibby,Crozier,679598862576,Female,35,B+,110/70,101.35,75,Yes,Gastroenteritis
441,Brian,Ibbitson,378894250225,Male,52,AB-,125/85,172.87,63,No,Insomnia
442,Bradford,Frawley,880362041586,Male,96,O+,140/95,214.48,66,No,Obsessive-compulsive disorder (OCD)
443,Fiorenze,Tomblett,970985885940,Female,101,O+,125/85,159.06,83,No,Chronic kidney disease
444,Meris,Richarson,183374532866,Female,101,A-,110/70,193.9,95,Yes,Obsessive-compulsive disorder (OCD)
445,Karoly,Tolley,890557419785,Polygender,43,A+,130/90,201.56,197,No,Gout
446,Geri,Schoenleiter,567583502606,Female,81,B-,120/80,131.28,174,Yes,Diabetes mellitus
447,Melba,Squier,197608780048,Female,47,O+,140/95,166.84,137,No,Rheumatic fever
448,Bruno,Duncombe,449298059546,Male,90,B+,130/90,288.2,93,Yes,Polycystic kidney disease
449,Brnaba,Gouley,189861663009,Male,86,A+,130/90,272.26,144,No,Polycystic kidney disease
450,Griff,Chritchlow,511961788705,Male,21,O+,130/90,207.55,171,No,Graves' disease
451,Morgan,Grinyakin,259768545571,Female,13,A-,140/95,263.27,169,No,Endometrial cancer
452,Alvie,Copner,821472973099,Male,39,AB-,120/80,165.67,86,No,Von Willebrand disease
453,Marsiella,McAuliffe,941115756844,Female,20,B-,110/70,261.45,193,No,Alzheimer's disease
454,Drucill,Wilmot,611575583023,Female,31,AB-,120/80,203.45,113,No,Brain tumor
455,Deena,Blachford,174842122544,Female,87,AB-,125/85,186.56,159,Yes,Obsessive-compulsive disorder (OCD)
456,Steven,Mayell,807720087859,Male,88,AB+,110/70,251.5,159,No,Von Willebrand disease
457,Bill,Edsell,927681278276,Male,90,AB+,130/90,289.66,180,Yes,Pneumonia
458,Milton,Colmore,757209346374,Male,10,AB-,120/80,203.87,140,No,Lymphoma
459,Norah,Alster,445032329542,Female,100,O+,140/95,114.54,94,Yes,HIV/AIDS
460,Brooke,Mowlam,909870870858,Female,78,A+,125/85,233.55,61,Yes,Cancer
461,Kikelia,Aireton,326633165133,Female,76,AB+,140/95,103.84,140,Yes,Lymphoma
462,Thaddeus,Castan,821964927311,Male,26,B+,120/80,232.5,167,No,HIV/AIDS
463,Fredrick,Dobbs,284521247060,Male,71,O-,110/70,185.88,159,Yes,Tuberculosis
464,Bo,Caspell,763065332053,Male,58,A-,125/85,119.43,84,Yes,Schizophrenia
465,Ingaborg,Jedrzaszkiewicz,142766084439,Female,90,AB+,110/70,239.08,124,Yes,Anxiety disorders
466,Goldarina,Barnsley,369910100314,Female,21,A+,130/90,160.79,192,Yes,Wilson's disease
467,Paulie,Blackborough,667233923423,Polygender,12,A-,110/70,103.67,74,Yes,Pancreatic cancer
468,Anett,Joutapavicius,468260426081,Bigender,29,B-,130/90,265.17,185,Yes,Rheumatoid arthritis
469,Barbaraanne,Saltman,675244945765,Female,68,B+,120/80,228.75,106,No,Diverticulitis
470,Dion,Donalson,399866876262,Male,29,A+,120/80,216.51,147,Yes,Atherosclerosis
471,Andy,Jakobssen,770168779112,Male,99,A-,125/85,255.75,65,Yes,Cataracts
472,Dael,Heinz,223503585656,Male,43,AB-,110/70,219.45,93,Yes,Myasthenia gravis
473,Benji,Akister,615824986492,Male,34,B+,140/95,175.3,63,Yes,Asthma
474,Justinn,Tringham,871724183933,Female,13,B+,120/80,169.44,139,Yes,Diabetes mellitus
475,Katinka,Clere,346663072125,Female,30,AB+,140/95,186.24,187,Yes,Peptic ulcer
476,Felipe,Lancetter,648319496575,Male,77,A-,130/90,230.15,150,No,Arthritis
477,Merralee,Rihanek,383014162827,Bigender,48,B-,125/85,224.92,126,No,Lymphoma
478,Baxie,Mosedill,670224470431,Male,37,A-,110/70,131.41,100,No,Testicular cancer
479,Rosaline,Brellin,391088968097,Female,8,O-,140/95,158.04,77,Yes,Myeloma
480,Archie,Osmon,721185657252,Bigender,79,AB-,140/95,110.56,68,Yes,Kidney cancer
481,Ashlee,Temperton,224696562086,Female,31,AB-,125/85,217.5,76,Yes,Psoriasis
482,Ike,Snepp,549206929834,Male,4,AB-,110/70,146.62,194,No,Schizophrenia
483,Meryl,Kiddye,160325046698,Female,81,B+,125/85,148.49,90,No,Leukemia
484,Xerxes,Mogra,293229621681,Male,87,A+,140/95,208.9,123,Yes,Kidney cancer
485,Rudy,Ivamy,413681029557,Male,93,B+,130/90,213.82,143,Yes,Glioblastoma
486,Claudio,Taffarello,457674150325,Genderfluid,94,O-,125/85,276.48,119,Yes,Fibromyalgia
487,Waldemar,Kisby,797633073590,Male,60,A-,130/90,245.34,152,Yes,Brain tumor
488,Abbott,Turfs,383557980603,Male,55,B+,130/90,138.3,113,No,Thyroid disorders
489,Wakefield,Reignould,171954155964,Male,22,O+,110/70,182.18,116,No,Gastroenteritis
490,Adolpho,Hoxey,532104548810,Male,25,A-,140/95,200.77,129,No,Lymphoma
491,Welby,Pagel,108175167949,Male,24,AB-,140/95,274.43,69,No,Pancreatic cancer
492,Derry,Doudny,503913288146,Male,64,AB+,130/90,274.17,162,No,Cholera
493,Robbi,Carey,198563844563,Female,82,O+,130/90,191.52,116,Yes,Brain tumor
494,Antonina,Kettlestring,219849880022,Female,86,A-,140/95,144.34,77,Yes,Lymphoma
495,Northrup,Crippell,709926744534,Male,11,O-,120/80,295.35,117,No,Chronic kidney disease
496,Basil,Furney,955167322589,Male,77,A+,120/80,128.11,110,Yes,Dengue fever
497,Pyotr,Westgarth,583955722721,Agender,93,A+,120/80,194.21,137,No,Lymphoma
498,Halimeda,Clare,636722868707,Female,49,AB+,110/70,163.45,98,No,Gastroenteritis
499,Matteo,Body,888606372323,Male,17,B+,120/80,128.74,179,Yes,Osteoporosis
500,Boot,Jeandon,997963215342,Genderfluid,22,O+,110/70,263.1,77,No,Lupus
501,Isaac,Ebbage,610932298229,Male,18,O-,125/85,230.83,176,No,Menopause
502,Holt,Sheraton,552139690486,Male,18,B-,120/80,195.96,113,Yes,Varicose veins
503,Alvis,Fulleylove,957401297405,Male,33,A-,110/70,155.53,157,No,Sleep apnea
504,Aili,Errett,572725105154,Female,102,A-,120/80,106.13,110,Yes,Asthma
505,Allard,Mazzey,732687438340,Male,99,B+,120/80,129.41,178,Yes,Osteoarthritis
506,Noelani,McCulley,770205700630,Female,42,O-,140/95,195.83,130,Yes,Kidney stones
507,Quintus,Andrejs,854313234987,Male,54,AB+,125/85,154.49,129,No,Hemophilia
508,Obadiah,Tendahl,862103401009,Male,91,A-,120/80,297.17,154,No,Irritable bowel syndrome (IBS)
509,Wendel,Kernock,558853583417,Male,35,B+,110/70,290.29,161,No,Parkinson's disease
510,Peg,Tomaszewicz,921882063419,Non-binary,32,AB+,130/90,241.54,90,Yes,Depression
511,Gilbert,Coventry,272078115405,Male,96,AB-,140/95,281.44,71,No,Cancer
512,Ambrosius,Pavelka,560162452067,Male,20,B+,140/95,130.48,121,No,Sleep apnea
513,Gunilla,Kleinbaum,437411091048,Female,95,B+,120/80,209.27,150,Yes,Crohn's disease
514,Eda,Death,498574504554,Female,98,O+,120/80,226.7,170,No,Cirrhosis
515,Janella,Nodin,996579471979,Female,33,A-,125/85,247.85,83,No,Von Willebrand disease
516,Darill,Vahl,399365239405,Male,11,O+,140/95,256.05,197,No,Graves' disease
517,Shaun,Brusby,172681613933,Male,89,B+,120/80,150.16,131,No,Parkinson's disease
518,Ludovika,Marchington,304154858095,Female,79,AB-,110/70,274.75,178,No,Varicose veins
519,Adara,Elgar,119480054386,Female,68,A-,120/80,113.43,113,No,Rosacea
520,Adlai,Harder,841531593333,Male,26,O+,130/90,287.65,170,Yes,Bipolar disorder
521,Bard,Heigold,633336517240,Male,10,B-,130/90,296.62,123,No,Endometriosis
522,Vanni,Cogley,136489767554,Female,38,O+,130/90,179.53,80,Yes,Tuberculosis
523,Harlan,Mays,292424610436,Male,12,A-,125/85,204.02,169,No,Graves' disease
524,Dreddy,Styles,248662569604,Female,31,O-,110/70,177.54,67,Yes,Autism spectrum disorder
525,Maxwell,Heintz,234690228870,Male,42,A-,110/70,107.82,60,No,Fibromyalgia
526,Jennilee,Francioli,227629085319,Female,62,O-,140/95,267.76,122,No,Cataracts
527,Hilde,Cadman,976388952711,Female,64,AB+,125/85,280.02,95,No,Eczema
528,Gussy,Fardy,814948307597,Female,37,O-,110/70,194.84,120,No,Pancreatitis
529,Aubrey,Fessions,769517597332,Male,90,B+,125/85,106.31,111,No,Wilson's disease
530,Dredi,Orr,203022586532,Female,34,A+,125/85,281.27,117,Yes,Addison's disease
531,June,Curedale,997529481903,Female,84,O-,130/90,105.43,193,Yes,Melanoma
532,Alfi,Ratlee,249073849011,Female,48,A+,130/90,201.84,130,No,Pancreatitis
533,Mala,Hagan,802001932991,Female,52,AB-,140/95,192.61,191,No,Malaria
534,Nickola,Demare,179187249856,Male,22,A-,120/80,122.24,118,No,Huntington's disease
535,Corinna,Lillecrap,641355453121,Female,15,AB-,140/95,226.32,177,No,Hepatitis
536,Taber,Spurr,660352897730,Male,78,A-,120/80,209.63,135,Yes,Rheumatoid arthritis
537,Sallie,Binden,909267579587,Female,73,O-,140/95,235.57,151,Yes,Acne
538,Katusha,Pottle,893589279427,Female,22,AB+,120/80,220.13,182,No,Arthritis
539,Nicolina,Sibbet,367297131206,Female,97,O+,140/95,297.22,88,Yes,Endometriosis
540,Thibaud,Ondrich,896325497543,Male,67,B+,120/80,116.06,175,Yes,Peptic ulcer
541,Kelvin,Hacquel,595326546635,Male,67,AB+,130/90,193.4,175,Yes,Psoriatic arthritis
542,Vernon,Dollen,486675223248,Male,5,AB-,120/80,139.51,126,No,Varicose veins
543,Cozmo,Abelevitz,659161944787,Male,18,B-,110/70,102.69,166,Yes,Tuberculosis
544,Melli,Gaitley,543051559639,Female,57,O-,130/90,155.51,110,Yes,Eczema
545,Marcel,Tipping,857383391962,Polygender,47,A+,110/70,261.48,169,Yes,Cervical cancer
546,Jarib,Klyner,376811533020,Male,39,AB+,130/90,206.69,156,No,Chronic obstructive pulmonary disease (COPD)
547,Celestina,Nelligan,272364270306,Non-binary,50,AB-,140/95,127.93,163,Yes,Gastritis
548,Shamus,Romaynes,270754976484,Male,40,A+,110/70,201.44,114,Yes,Thrombosis
549,Pooh,Trineman,151956714244,Female,62,AB+,125/85,133.06,94,Yes,Rheumatoid arthritis
550,Gwennie,Bosward,195284300555,Female,69,O-,110/70,263.02,162,Yes,Myasthenia gravis
551,Henrieta,Cicchitello,432579818254,Female,85,B+,110/70,226.95,137,No,Testicular cancer
552,Candice,Capelle,186076099343,Female,21,B+,110/70,112.99,183,Yes,Bladder infection
553,Kathie,Dorin,984276955921,Female,44,AB+,120/80,258.75,144,No,Polycystic kidney disease
554,Freda,Hurtado,873233945366,Female,65,AB+,140/95,244.49,186,Yes,Thalassemia
555,Claudette,Clampton,499913151257,Female,64,A+,130/90,255.33,151,Yes,Lupus
556,Aurelie,Linfoot,976996553497,Female,95,AB-,125/85,228.59,106,Yes,Hepatitis
557,Scotti,Hayles,337031631659,Male,32,B-,125/85,170.53,200,Yes,Ovarian cancer
558,Jarrett,Accum,553426621231,Male,53,A-,125/85,263.67,151,No,Crohn's disease
559,Gabriellia,Jennions,862387696435,Female,55,O-,110/70,138.48,67,Yes,Dengue fever
560,Dannie,Gaveltone,789329318712,Female,73,O-,140/95,290.21,152,Yes,Rheumatoid arthritis
561,Sutherlan,Kinavan,812712235833,Male,60,AB+,120/80,157.38,143,Yes,Parkinson's disease
562,Tallie,Danson,343245288257,Female,30,AB+,130/90,121.56,93,Yes,Brain tumor
563,Kahaleel,Heymann,538254586691,Male,16,O+,110/70,249.47,196,No,Arthritis
564,Vin,Hedingham,165570065224,Female,30,B+,110/70,115.7,155,Yes,Lupus
565,Irv,Richarz,593228247888,Male,63,A-,140/95,185.48,166,Yes,Crohn's disease
566,Valle,Getcliffe,438577967955,Male,13,A+,125/85,177.53,142,Yes,Macular degeneration
567,Ingaberg,Worswick,840691594070,Female,6,B+,130/90,234.13,173,Yes,Varicose veins
568,Elspeth,Sarfat,958536495960,Genderfluid,67,AB-,125/85,195.78,79,No,Hypertension
569,Phylys,Henriques,910261556058,Female,22,A-,140/95,172.13,76,Yes,Asthma
570,Hildagarde,MacGowing,889769481051,Female,18,AB+,130/90,187.55,92,No,Fibrosis
571,Spike,Cyseley,988775584603,Male,4,A-,130/90,156.89,130,Yes,Brain tumor
572,Jandy,Sime,682529305439,Female,71,B+,120/80,133.94,107,Yes,Sleep apnea
573,Virgie,Rowat,169038533474,Female,87,B-,120/80,142.43,130,Yes,Hypertension
574,Lyman,Warboys,193156928357,Male,11,AB+,110/70,222.85,125,Yes,Premenstrual syndrome (PMS)
575,Maxy,Umpleby,736099365735,Male,81,B+,125/85,200.28,179,No,Fibromyalgia
576,Kippie,Konrad,248217686891,Female,41,O+,110/70,141.71,199,Yes,Osteoporosis
577,Gavan,Domotor,933217481585,Male,37,AB-,120/80,215.34,62,Yes,Premenstrual syndrome (PMS)
578,Allie,Wooff,444033323897,Female,8,A+,130/90,140.12,78,Yes,Myeloma
579,Cindelyn,Petigrew,192946443131,Female,37,A+,110/70,198.78,61,Yes,Erectile dysfunction
580,Merrili,O'Conor,731207873405,Female,87,B-,110/70,233.77,91,Yes,Autism spectrum disorder
581,Orelie,Powter,127152542589,Female,14,A+,140/95,217.43,168,No,Dengue fever
582,Lorens,Starbucke,260681028479,Male,13,O+,120/80,285.74,102,Yes,Attention-deficit/hyperactivity disorder (ADHD)
583,Eyde,O'Gaven,900963079038,Female,57,O-,120/80,298.03,172,Yes,Tourette syndrome
584,Dell,Dionsetti,215209988993,Male,86,AB-,110/70,188.67,126,No,Meningitis
585,Malvina,Ciccarello,321050702719,Female,12,A+,140/95,282.18,159,No,Hepatitis
586,Cassaundra,Skipp,695395816319,Genderqueer,84,AB-,120/80,250.91,63,Yes,Sleep apnea
587,Erika,Sandells,198820443012,Female,9,B+,110/70,256.81,152,Yes,Sickle cell anemia
588,Mary,Tolfrey,641484403591,Female,97,O-,110/70,153.41,65,No,Varicose veins
589,Roman,Bonwell,106435818380,Male,55,A+,110/70,275.58,118,No,Ovarian cancer
590,Sonya,Wooton,930707665815,Female,99,A+,110/70,189.57,84,Yes,Brain tumor
591,Johnathan,O' Scallan,550963377057,Male,81,B-,140/95,284.25,92,No,Gastritis
592,Maury,Beeckx,283953648546,Male,64,A+,110/70,171.25,163,Yes,Gastritis
593,Ellary,Sirrell,881455256484,Male,74,A+,125/85,208.14,99,No,Ulcerative colitis
594,Jennee,Dach,102001775535,Female,95,B-,125/85,280.18,85,Yes,Diabetes mellitus
595,Hasheem,Britee,935767438256,Male,18,O-,125/85,163.76,140,Yes,Alzheimer's disease
596,Harold,Crebbin,763207062452,Male,45,A-,140/95,242.03,128,Yes,Cardiovascular disease
597,Giorgia,Cordero,748503274420,Female,64,B+,125/85,128.92,191,No,Non-melanoma skin cancer
598,Tabor,Gyde,757401670584,Male,102,O-,125/85,237.41,127,No,Fibrosis
599,Dorene,Savatier,910583247800,Female,69,B-,140/95,299.03,112,Yes,Crohn's disease
600,Rog,Simanek,198862345146,Male,32,A-,120/80,275.92,99,Yes,Bipolar disorder
601,Thaxter,Thorneloe,750691406782,Male,100,AB-,125/85,205.62,97,Yes,Wilson's disease
602,Sondra,Lain,998115414975,Female,25,O+,130/90,111.98,112,No,Depression
603,Curry,Belford,274842850241,Male,77,AB+,130/90,296.06,99,Yes,Turner syndrome
604,Sarita,McConnulty,596026684355,Female,65,B+,130/90,266.59,112,Yes,Asthma
605,Kalli,Tattershaw,243443512262,Female,69,AB-,140/95,293.68,84,No,Schizophrenia
606,Kalvin,Ocklin,658998236103,Male,11,O+,140/95,106.22,117,Yes,Huntington's disease
607,Miles,Allcott,339399676874,Male,98,O+,140/95,176.75,79,Yes,Tuberculosis
608,Torey,Crewes,861965767644,Female,61,B-,110/70,184.11,116,Yes,Irritable bowel syndrome (IBS)
609,Marlin,Troy,507183100893,Male,59,AB+,120/80,268.44,111,Yes,Cardiovascular disease
610,Brandy,Tarrier,700809909215,Female,23,O+,130/90,146.04,86,No,Endometriosis
611,Katya,Keningham,382256649186,Female,81,B+,120/80,223.08,78,Yes,Influenza
612,Shanon,Heminsley,130357236707,Female,39,AB+,120/80,209.39,168,No,Amyotrophic lateral sclerosis (ALS)
613,Windham,Slee,462184182762,Male,42,O+,140/95,190.74,171,No,Thalassemia
614,Pryce,Guttridge,629031212020,Agender,27,O-,125/85,208.45,62,No,Parkinson's disease
615,Martica,Slayton,568804750326,Female,70,B+,130/90,271.63,140,Yes,Cancer
616,Christy,Shelf,723480908790,Female,100,O-,140/95,281.04,122,No,Chronic kidney disease
617,Georgeanne,Judd,182005789688,Female,81,B+,110/70,284.13,174,No,Amyotrophic lateral sclerosis (ALS)
618,Dewie,Shears,843783664633,Male,79,B-,110/70,269.59,194,Yes,Rosacea
619,Mick,Pethrick,631545705468,Male,72,O+,120/80,228.72,65,Yes,Pneumonia
620,Sile,Domenge,873842111486,Female,75,A+,130/90,290.26,187,No,Irritable bowel syndrome (IBS)
621,Courtenay,Streader,741032522752,Female,91,A+,140/95,125.76,140,Yes,Bladder cancer
622,Franny,Klaassens,626409067524,Male,50,B+,125/85,131.37,123,No,Graves' disease
623,Cortie,Danigel,298848064520,Male,51,A+,125/85,251.88,84,Yes,Celiac disease
624,Una,Windham,772516508683,Female,48,O-,140/95,144.51,133,No,Hemochromatosis
625,Cristen,Andersen,744287761424,Female,6,O-,125/85,201.49,105,No,Macular degeneration
626,Fiann,Riditch,925299807257,Female,10,O-,120/80,158.09,135,No,Diabetes mellitus
627,Pearle,Simka,418270270490,Female,62,O-,130/90,104.5,186,No,HIV/AIDS
628,Penni,Plaister,392185017370,Female,4,B-,120/80,243.56,133,Yes,Huntington's disease
629,Lezlie,Barnwille,538982937628,Non-binary,36,AB-,125/85,103.1,83,No,Rosacea
630,Roanna,Wozencroft,257295995929,Female,28,O-,110/70,227.55,200,Yes,Bladder infection
631,Raff,Darthe,490287756335,Male,89,O+,130/90,103.19,130,No,Endometriosis
632,Rosabella,Bawles,716595541049,Female,36,A+,140/95,172.14,86,Yes,Alzheimer's disease
633,Arch,Gossington,833552602176,Polygender,80,B-,125/85,240.52,97,No,Addison's disease
634,Laetitia,Catcheside,939717170250,Female,88,O-,140/95,296.57,90,No,Sleep apnea
635,Gladi,Aubry,943521223756,Polygender,69,O+,120/80,109.46,118,Yes,Fibromyalgia
636,Ellis,Langer,107555894354,Non-binary,69,O+,110/70,248.56,182,No,Uterine cancer
637,Donny,Blasik,670839477331,Female,64,A-,125/85,183.7,133,No,Schizophrenia
638,Aldis,Gauche,384103650392,Male,48,A+,120/80,260.11,98,No,Hypertension
639,Clemente,Paule,901879813209,Male,57,A+,140/95,195.67,64,Yes,Osteoporosis
640,Yovonnda,Woodward,454592943197,Polygender,34,O+,110/70,249.9,136,No,Non-melanoma skin cancer
641,Susi,Breffit,495297434719,Female,14,A+,110/70,199.05,77,Yes,Fibromyalgia
642,Bren,Meadmore,974802777184,Male,98,O-,125/85,260.39,146,Yes,Acne
643,Cammy,Meeny,857621820514,Male,64,A+,140/95,106.47,67,Yes,Cardiovascular disease
644,Adelina,Spratling,508008764519,Female,77,AB-,110/70,138.54,159,Yes,Ebola virus disease
645,Lurline,Garnar,234646303866,Female,42,B+,125/85,216.51,133,Yes,Gout
646,Corabelle,Braisted,689669674113,Female,51,A-,140/95,153.14,103,Yes,Gastroenteritis
647,Verna,Blaes,886293345415,Female,25,AB+,125/85,172.26,120,Yes,Pneumonia
648,Garwin,Simmans,541019280522,Male,6,B-,140/95,293.6,199,No,Asthma
649,Franzen,Rushmer,101454247051,Male,78,O+,140/95,256.5,125,Yes,Irritable bowel syndrome (IBS)
650,Miguel,Sennett,469129671821,Male,16,A-,120/80,236.02,199,No,Gastritis
651,Matt,Delucia,629716980896,Male,48,O+,120/80,175.39,80,Yes,Cancer
652,Dorise,Moorcroft,583940510884,Female,84,O-,120/80,146.61,107,Yes,Rheumatoid arthritis
653,Land,Shallcroff,250479793324,Male,13,O+,125/85,251.06,124,No,Hemochromatosis
654,Ciro,Hussell,916692456625,Male,41,A-,120/80,243.34,174,No,Gastritis
655,Julianne,Bloxland,807074321588,Female,30,AB-,120/80,263.06,181,Yes,Psoriasis
656,Traci,Polin,984862635190,Female,98,O+,125/85,138.22,158,Yes,Kidney stones
657,Giavani,Cardo,564099650756,Male,50,B+,120/80,263.43,116,No,Influenza
658,Halli,Ibotson,416237262021,Female,81,O+,120/80,211.32,185,No,Anxiety disorders
659,Pattin,Campaigne,925200880837,Male,92,O+,125/85,287.04,97,No,Bladder cancer
660,Scott,Elt,717964850385,Genderqueer,23,O-,130/90,212.95,140,Yes,Fibromyalgia
661,Letti,Schurig,788396266731,Female,42,A-,125/85,288.37,198,No,Non-melanoma skin cancer
662,Elena,Clohisey,756582339832,Female,20,A-,110/70,192.21,102,No,Huntington's disease
663,Mathilda,Leachman,646030644478,Polygender,26,O-,130/90,189.01,172,Yes,Glaucoma
664,Spike,Antecki,713978172684,Male,43,A+,130/90,278.36,139,Yes,Ulcerative colitis
665,Roobbie,Cannavan,391366669582,Female,96,O-,125/85,215.06,76,No,Thrombosis
666,Moria,Lasseter,224680949015,Female,80,O-,120/80,166.52,94,Yes,Pneumonia
667,Briant,Lardiner,666243880224,Male,71,O-,130/90,203.15,138,Yes,Thalassemia
668,Karoly,Grinnell,883957544226,Female,47,B-,125/85,265.74,83,Yes,Irritable bowel syndrome (IBS)
669,Myer,Yegorov,297363248421,Male,43,O+,130/90,143.48,142,No,Cancer
670,Isacco,Billion,668005365032,Male,85,AB-,140/95,233.88,118,No,Kidney stones
671,Denys,Soares,459012019496,Genderqueer,24,A+,140/95,258.93,72,Yes,Cancer
672,Lynette,Weir,354456515880,Female,48,B+,125/85,197.82,153,Yes,Huntington's disease
673,Katee,Yanshonok,622385517870,Female,95,B-,120/80,143.2,106,No,Pancreatitis
674,Emmie,Headey,273644369204,Female,5,AB+,125/85,209.28,194,Yes,Psoriasis
675,Berte,Clurow,910969992502,Female,97,B+,130/90,143.76,139,No,Glioblastoma
676,Toma,Kosel,378082211138,Female,46,O-,140/95,191.57,63,No,Lymphoma
677,Matthiew,Toovey,973146969420,Male,77,A+,120/80,101.72,65,No,Acne
678,Tersina,McAteer,670040511832,Female,85,B+,130/90,271.26,184,No,Down syndrome
679,Fergus,Stanborough,777725023581,Male,85,O+,130/90,234.83,145,No,Psoriasis
680,Iorgo,Mithon,463541155168,Male,9,AB+,110/70,134.98,107,No,Lupus
681,Jae,Dodd,495772570976,Male,5,O+,130/90,172.64,115,No,Polycystic ovarian syndrome (PCOS)
682,Erhart,Wakefield,504064841057,Male,30,AB+,120/80,252.21,116,No,Pancreatic cancer
683,Billie,Dillinger,683877061987,Female,80,AB-,120/80,222.7,198,No,Polycystic kidney disease
684,Aurilia,Tother,147574601059,Female,14,A+,130/90,189.55,83,Yes,Testicular cancer
685,Maurizia,Cogdell,237262427496,Female,17,O+,120/80,207.86,74,No,Acne
686,Sari,Lagen,339053852009,Female,59,A-,125/85,143.35,71,No,Leukemia
687,Brenn,Scandrick,369199068521,Female,21,O-,120/80,102.88,122,No,Hepatitis
688,Dorothee,Beadnell,825313604978,Female,66,A-,130/90,124.94,103,No,Cholera
689,Beatriz,Moneypenny,815446922612,Female,39,AB-,110/70,151.53,128,No,Testicular cancer
690,Frederico,Mullis,799966836086,Male,83,A-,125/85,113.03,136,Yes,Psoriatic arthritis
691,Tania,Lindermann,993790907771,Female,47,B+,140/95,247.37,154,No,Glaucoma
692,Sven,Milmoe,427320898955,Male,38,A+,110/70,282.8,181,No,Myeloma
693,Harlin,Szwandt,567399486863,Male,24,B-,130/90,164.43,170,No,Psoriasis
694,Hunter,Plait,701989975443,Male,41,A+,120/80,244.97,100,Yes,Bladder infection
695,Davis,Prescot,465819661716,Male,44,B-,125/85,233.13,162,Yes,Crohn's disease
696,Nikoletta,Cree,886798054807,Female,24,B-,140/95,206.26,186,No,Irritable bowel syndrome (IBS)
697,Melony,Gilli,618225759646,Female,50,AB-,140/95,108.45,130,No,Depression
698,Johna,Lewknor,534399964578,Female,33,B+,120/80,263.08,154,Yes,Sleep apnea
699,Chane,Sandever,477272929700,Male,17,B-,140/95,120.13,86,No,Rheumatoid arthritis
700,Bernelle,Hencke,859889137062,Female,60,B+,140/95,178.75,199,Yes,Bladder infection
701,Hastie,Nannoni,495820084647,Male,102,B-,110/70,191.6,72,No,Prostatitis
702,Otes,Villa,170317411751,Male,38,O+,140/95,290.42,117,Yes,Atherosclerosis
703,Bobette,Bulluck,632642811305,Female,57,O+,120/80,118.19,80,Yes,Ovarian cancer
704,Tommie,Orme,224837137836,Male,13,AB-,130/90,160.45,88,No,Cardiovascular disease
705,Sinclare,Santus,916927321517,Male,66,A+,120/80,274.2,165,Yes,Tuberculosis
706,Lorine,Bromell,520283100592,Female,65,B-,125/85,283.58,192,No,Parkinson's disease
707,Hernando,Limpkin,354932381120,Male,10,O-,110/70,296.29,152,No,Autism spectrum disorder
708,Maribelle,Pues,524627195330,Female,3,B+,120/80,159.63,136,Yes,Gout
709,Ebonee,Keyes,506849367490,Polygender,63,B-,120/80,259.72,181,No,Pancreatic cancer
710,Briana,Mettericke,223517480388,Female,87,O-,110/70,225.61,104,No,Bipolar disorder
711,Frances,Wessel,579561027019,Genderfluid,41,AB+,125/85,140.66,194,No,Non-melanoma skin cancer
712,Sinclair,Verbeek,432979662290,Male,50,AB+,120/80,135.94,91,No,Huntington's disease
713,Crysta,Jewar,827312387543,Female,79,B+,125/85,123.07,197,Yes,Dengue fever
714,Roseann,Qualtrough,218854413790,Female,42,B+,130/90,221.99,178,No,Hemochromatosis
715,Alexio,Bream,596741985769,Male,67,AB-,140/95,198.75,125,Yes,Hemophilia
716,Shadow,Murra,877598291433,Polygender,68,A-,125/85,156.02,65,No,Thrombosis
717,Kipper,Erickssen,906552514035,Male,49,O+,140/95,193.4,188,Yes,Tuberculosis
718,Domingo,Skpsey,395714926084,Male,51,B+,120/80,114.97,124,Yes,Ovarian cancer
719,Jeannine,Degli Antoni,334183511560,Agender,29,B-,120/80,249.64,135,Yes,Ulcerative colitis
720,Shea,Braddon,675710678542,Female,44,O+,140/95,257.5,98,Yes,Peptic ulcer
721,Max,Brocklehurst,525871633943,Female,76,B-,120/80,179.39,86,No,Von Willebrand disease
722,Tammara,Blouet,804654323226,Female,57,B-,120/80,286.76,198,Yes,Graves' disease
723,Perle,Pepperell,153810015782,Agender,48,O-,140/95,135.62,60,Yes,Menopause
724,Mead,McGeoch,618690450992,Male,70,A+,140/95,233.99,186,No,Hypertension
725,Thurstan,Castagnaro,694821901873,Agender,35,A+,125/85,226.44,110,No,Multiple sclerosis
726,Cecilia,Accombe,344690382391,Female,72,B-,140/95,161.29,173,Yes,Bipolar disorder
727,Sarene,Sute,814168143422,Polygender,46,O-,130/90,204.15,92,No,Influenza
728,Patricio,Paolini,458928535111,Male,19,B+,140/95,259.62,92,No,Leukemia
729,Scot,Jeromson,385019090505,Male,84,O+,125/85,173.12,63,Yes,Psoriatic arthritis
730,Wini,Skerman,595152475723,Female,71,AB+,110/70,179.08,112,Yes,Polycystic kidney disease
731,Peggie,Grieswood,103827560012,Female,37,A+,130/90,126.86,129,Yes,Kidney stones
732,Stefanie,Hendricks,431626663505,Female,16,O-,110/70,281.33,183,Yes,Wilson's disease
733,Tanney,Hazard,513670346322,Male,72,O+,120/80,224.87,78,No,Gastroesophageal reflux disease (GERD)
734,Jermain,Guest,924578027092,Male,76,B-,120/80,129.49,91,Yes,Meningitis
735,Starr,Aylen,673817269847,Female,12,AB-,120/80,144.78,81,No,Chronic kidney disease
736,Shanan,Brigginshaw,555511051865,Genderfluid,47,B+,130/90,104.39,126,No,Peptic ulcer
737,Clarissa,Henrichs,654965757529,Female,86,AB-,125/85,195.15,167,No,Pneumonia
738,Abby,Caisley,642749535835,Male,77,O-,130/90,208.48,124,Yes,Schizophrenia
739,Elianora,Looker,710108862044,Female,32,B-,125/85,217.2,128,Yes,Rosacea
740,Illa,Sommerville,864219223650,Non-binary,80,B+,130/90,126.58,67,Yes,Gastroesophageal reflux disease (GERD)
741,Augustine,Janak,685884266085,Male,20,B-,120/80,147.65,196,Yes,Autism spectrum disorder
742,Salomi,Hayfield,285157135976,Female,25,AB-,130/90,140.56,70,No,Gastroenteritis
743,Jacklin,Redpath,852882593385,Female,97,O-,140/95,147.09,97,Yes,Arthritis
744,Davidson,Sheering,532135835244,Male,48,O+,110/70,254.56,197,Yes,Obsessive-compulsive disorder (OCD)
745,Fraze,Harriskine,683257173614,Male,25,A-,125/85,241.01,196,Yes,Von Willebrand disease
746,Inna,Gane,142245836399,Female,78,B+,125/85,150.47,79,No,Kidney stones
747,Alice,Moen,215710258800,Female,8,A-,120/80,261.61,168,Yes,Glioblastoma
748,Hakeem,Vango,468012447364,Male,55,B+,130/90,137.82,113,Yes,Graves' disease
749,Kellby,Jorge,636775495308,Male,47,AB+,125/85,266.11,133,No,Thalassemia
750,Davon,Dutson,558990096016,Male,64,O-,130/90,171.99,105,No,Glioblastoma
751,Isabelita,Filshin,794508416658,Female,33,B-,130/90,146.55,80,Yes,Endometriosis
752,Wake,Northedge,228287157915,Male,100,O+,140/95,240.85,195,Yes,Irritable bowel syndrome (IBS)
753,Rubie,Giacobo,399327868575,Female,59,A+,130/90,242.28,97,Yes,Lupus
754,Rooney,Lacroix,438080558753,Male,92,AB-,120/80,117.67,193,Yes,Huntington's disease
755,Hillary,Maben,785414649511,Male,22,O-,125/85,175.54,137,Yes,Sleep apnea
756,Bevin,Rawkesby,120678528683,Male,78,AB+,125/85,112.1,133,Yes,Lupus
757,Hillard,Melior,159652484782,Male,19,O-,120/80,294.27,74,Yes,Amyotrophic lateral sclerosis (ALS)
758,Heath,Attew,520715835060,Female,50,O+,120/80,242.97,69,Yes,Eczema
759,Ernesto,Gritten,613196977849,Male,28,B+,125/85,224.45,71,Yes,Gout
760,Emmit,Leckey,115820246714,Male,94,AB+,125/85,242.48,81,No,Irritable bowel syndrome (IBS)
761,Madalyn,Fonquernie,539413542585,Female,25,AB+,140/95,250.7,64,No,Non-melanoma skin cancer
762,Francois,Ruppel,485255190207,Agender,8,AB+,110/70,219.63,68,No,Endometriosis
763,Guendolen,Billson,949918799559,Female,88,B+,125/85,290.01,199,Yes,Meningitis
764,Nadine,Merill,172127573704,Female,28,O+,140/95,187.21,144,Yes,Bipolar disorder
765,Kirby,Arzu,652458284750,Male,54,B-,140/95,231.13,100,Yes,Osteomyelitis
766,Bennett,Norcliffe,512941438672,Male,28,B+,140/95,108.72,154,No,Wilson's disease
767,Ewen,Lody,640930141905,Genderqueer,73,O-,125/85,291.37,195,No,Glaucoma
768,Thorvald,Brunt,235368666842,Male,39,B+,120/80,112.58,84,Yes,Meningitis
769,Neille,Aveling,216261088988,Female,11,A+,140/95,299.27,68,Yes,Arthritis
770,Janey,Anstey,151386273507,Female,84,AB-,130/90,237.39,174,No,Asthma
771,Andrei,Heineken,773131458280,Female,3,B+,120/80,187.46,187,No,Tourette syndrome
772,Olenolin,Shuxsmith,692774524649,Agender,44,B-,140/95,243.43,168,Yes,Depression
773,Layney,Filipychev,911758735085,Female,7,O-,110/70,217.11,67,Yes,Alzheimer's disease
774,Scotti,Aingel,104778274543,Male,102,O-,125/85,131.18,160,No,Sickle cell anemia
775,Nicola,Joselevitz,851217438458,Female,40,A+,120/80,173.95,66,No,HIV/AIDS
776,Obediah,Cashen,228935653132,Male,36,B-,110/70,214.84,178,No,Glioblastoma
777,Aurea,Benadette,719930570515,Female,20,AB-,140/95,296.44,178,No,Tourette syndrome
778,Hannie,Giacovelli,553533552404,Female,69,O-,110/70,157.0,146,No,Turner syndrome
779,Bonnie,Jacobbe,771118921497,Female,4,B-,120/80,151.36,120,No,Diverticulitis
780,Otto,Upcott,652213409564,Male,33,A+,130/90,205.37,159,No,Testicular cancer
781,Aime,Bazoche,279764342560,Female,70,O+,140/95,138.05,105,Yes,Gastroenteritis
782,Karleen,Christie,270383273771,Female,53,A-,125/85,138.76,148,Yes,Thalassemia
783,Fredric,Mulvihill,252549699377,Male,40,AB+,140/95,155.71,200,Yes,Rheumatic fever
784,Manda,MacCaughey,575841761077,Female,44,AB+,110/70,139.74,112,Yes,Menopause
785,Vita,Lemerle,371935090492,Female,5,O+,125/85,290.95,78,Yes,Chronic obstructive pulmonary disease (COPD)
786,Frankie,Gilardoni,262564443964,Male,94,B-,120/80,117.54,151,No,Cirrhosis
787,Inge,McKew,611886061374,Female,77,AB+,140/95,200.04,77,No,Von Willebrand disease
788,Fremont,Danes,526857566015,Male,99,O-,130/90,235.6,118,No,Tuberculosis
789,Gaylene,Ilchenko,923784296257,Female,73,A+,125/85,203.97,137,No,Melanoma
790,Kristian,Gowar,968779691843,Male,3,AB+,140/95,157.56,170,Yes,Hemochromatosis
791,Verla,Bodicum,287727458116,Female,56,AB+,125/85,171.6,177,No,Sickle cell anemia
792,Emory,Jambrozek,804195579717,Male,65,A+,130/90,270.88,81,No,Thalassemia
793,Annalee,Roostan,233630635849,Female,81,AB-,130/90,273.75,169,No,Lymphoma
794,Christiano,Jentzsch,201792026446,Male,83,AB+,140/95,172.5,99,No,Asthma
795,Gan,De Maine,805567010642,Genderfluid,76,A-,140/95,210.22,108,No,Rheumatic fever
796,Bondie,Meekin,499278624600,Genderfluid,94,A+,120/80,142.47,161,Yes,Testicular cancer
797,Olag,Devitt,551943591770,Male,58,O-,110/70,166.17,197,Yes,Parkinson's disease
798,Brunhilda,Fetterplace,582538344282,Female,4,B-,130/90,219.43,87,Yes,Acne
799,Svend,Arnald,413061756764,Male,76,AB+,110/70,155.49,151,No,Chronic obstructive pulmonary disease (COPD)
800,Halimeda,Mainland,330107279200,Female,15,B-,125/85,271.69,196,Yes,Varicose veins
801,Bartlett,Dand,512345151329,Male,73,O+,130/90,209.03,161,No,Irritable bowel syndrome (IBS)
802,Jonas,Pardey,429615150950,Male,75,O-,120/80,214.49,190,Yes,Brain tumor
803,Rosina,Erdis,876997826412,Female,16,A-,110/70,244.67,178,Yes,Irritable bowel syndrome (IBS)
804,Idalia,Growden,176183474029,Genderqueer,74,O+,110/70,112.19,108,Yes,Eczema
805,Carmelina,Wasielewski,328485574508,Female,82,O-,110/70,285.86,75,Yes,Schizophrenia
806,Tim,Szanto,149068494702,Male,62,A-,140/95,249.66,119,Yes,Non-melanoma skin cancer
807,Rog,Lawfull,250412660593,Bigender,87,B+,140/95,234.18,158,Yes,Fibrosis
808,Nichole,Igo,708170995571,Genderqueer,65,A-,110/70,229.86,178,No,Premenstrual syndrome (PMS)
809,Katherina,Prujean,689425192823,Female,102,B-,130/90,294.31,117,No,Psoriasis
810,Harley,Elix,645285820283,Male,31,O+,125/85,183.05,118,Yes,Bladder cancer
811,Mildrid,Coopland,195484555131,Female,82,AB+,140/95,104.72,104,Yes,Pneumonia
812,Dov,Bywater,782682281852,Male,43,AB+,130/90,283.98,101,No,Schizophrenia
813,Alwin,Speare,479746389888,Male,80,A+,120/80,290.14,167,Yes,Chronic obstructive pulmonary disease (COPD)
814,Juli,Filipchikov,944485291904,Female,41,A+,140/95,232.26,159,Yes,Tuberculosis
815,Archaimbaud,de Villier,632933406592,Male,89,AB-,110/70,150.74,169,Yes,Myasthenia gravis
816,Alfy,Bonnick,346775476107,Male,13,AB-,125/85,193.63,146,Yes,Addison's disease
817,Mikel,Gennerich,725204858772,Male,47,O-,140/95,194.4,171,Yes,Wilson's disease
818,Cecily,Das,259663214487,Female,103,AB+,125/85,277.15,158,Yes,Ulcerative colitis
819,Ofella,Pietruszka,624452417440,Female,51,B+,125/85,226.93,116,No,Leukemia
820,Winnie,Cudby,313124870049,Male,60,AB+,130/90,143.95,128,No,Influenza
821,Carrol,Thebes,642385237924,Male,98,O-,110/70,104.44,145,No,Alzheimer's disease
822,Ruprecht,Pavey,358648354731,Male,98,A+,120/80,292.03,121,Yes,Thrombosis
823,Sven,Brandom,727766063019,Male,34,AB-,110/70,155.36,166,No,Acne
824,Julie,Breem,987626936237,Female,56,B+,130/90,286.14,139,Yes,Graves' disease
825,Annecorinne,Matuschek,850130909106,Female,61,A+,120/80,276.97,61,No,Wilson's disease
826,Robinet,Cornock,731863717817,Female,48,B-,120/80,233.1,170,Yes,Schizophrenia
827,Anatol,Lennon,970181261243,Male,92,AB+,120/80,269.51,120,No,Myasthenia gravis
828,Marlee,Vatcher,125076805566,Female,3,AB+,140/95,135.06,174,No,Kidney stones
829,Dulsea,Bacup,705550022591,Female,24,AB+,140/95,227.38,90,No,Autism spectrum disorder
830,Chaddie,Hamer,450101737406,Male,48,O-,130/90,146.38,139,No,Gastroesophageal reflux disease (GERD)
831,Ronnie,De Vaux,853471827905,Female,39,B+,110/70,184.71,148,Yes,Arthritis
832,Vin,Gheerhaert,419449583563,Male,23,AB-,125/85,225.85,81,No,Malaria
833,Wendall,Self,706340018128,Male,17,O+,130/90,209.67,199,No,Alzheimer's disease
834,Oberon,Budik,151140956116,Male,53,B+,130/90,150.62,72,Yes,Depression
835,Tyler,Faichney,556101613526,Male,66,A+,110/70,232.65,156,Yes,Bladder infection
836,Jeromy,Churm,790700758999,Genderfluid,55,A+,120/80,285.51,69,No,Insomnia
837,Ulberto,Questier,318377727960,Non-binary,18,B+,140/95,171.39,120,No,Down syndrome
838,Faythe,Gillis,700364044251,Female,13,B-,130/90,222.45,104,No,Bladder infection
839,Chrissie,Diggar,663891458012,Male,67,B-,110/70,243.83,126,Yes,Multiple sclerosis
840,Taffy,Revell,355536074715,Female,86,AB-,110/70,199.21,63,No,Cataracts
841,Ellerey,Redhills,827082438622,Male,89,A+,110/70,131.71,70,No,Multiple sclerosis
842,Raven,Freckleton,486021085166,Non-binary,72,O-,125/85,275.27,125,Yes,Polycystic kidney disease
843,Sullivan,Croucher,616763127794,Agender,26,B+,125/85,252.5,164,Yes,Pancreatitis
844,Denver,Latus,340634441714,Male,15,AB-,110/70,234.83,136,Yes,Irritable bowel syndrome (IBS)
845,Caspar,O'Hingerty,510749243381,Male,92,B-,130/90,229.59,199,No,Multiple sclerosis
846,Emogene,Reynard,562685147129,Female,22,B+,110/70,248.06,96,Yes,Thalassemia
847,Dru,Jimson,720477157392,Female,21,A-,130/90,267.61,85,Yes,Hemophilia
848,Merrielle,Billyard,470906837009,Female,90,B+,140/95,235.02,134,Yes,Melanoma
849,Leonidas,Shoebottom,320209000467,Male,10,AB+,120/80,269.83,88,Yes,Fibrosis
850,Jennilee,Tomashov,263007492125,Female,36,A-,130/90,266.26,66,Yes,Crohn's disease
851,Blisse,Tilne,215553685539,Female,24,B-,130/90,285.07,188,No,Fibromyalgia
852,Damian,Rossander,329620174886,Male,82,B-,130/90,141.63,78,Yes,Kidney stones
853,Kylynn,Van Niekerk,246265976873,Female,26,AB-,120/80,210.97,116,Yes,Huntington's disease
854,Latia,Tassaker,988400130089,Female,61,O+,120/80,133.75,64,No,Polycystic ovarian syndrome (PCOS)
855,Dredi,Ivashinnikov,507412551722,Female,101,AB+,130/90,111.2,80,Yes,Psoriasis
856,Iosep,Abdee,595762190385,Male,98,B-,120/80,299.18,184,Yes,Kidney stones
857,Eileen,Pail,756042438710,Female,24,O-,120/80,214.8,135,No,Influenza
858,Henri,Sibbe,774598596663,Male,66,A-,125/85,245.17,112,Yes,Bladder cancer
859,Radcliffe,Regus,569351411768,Male,11,AB+,140/95,178.5,174,Yes,Psoriatic arthritis
860,Yale,Lowry,260598986812,Male,10,AB+,130/90,134.51,187,Yes,Ebola virus disease
861,Oran,Penzer,381656299583,Genderfluid,88,B+,125/85,162.62,116,No,Sickle cell anemia
862,Arne,Ortell,631681251397,Male,40,B-,110/70,123.96,149,Yes,Dengue fever
863,Deane,Siddaley,250894415953,Male,82,AB-,120/80,211.69,109,Yes,Myeloma
864,Fanni,Hearnes,766794790998,Female,56,O+,140/95,193.13,99,Yes,HIV/AIDS
865,Padgett,Fulbrook,265116366943,Male,76,O-,130/90,276.31,111,Yes,Dengue fever
866,Lexy,Goodboddy,903602550882,Female,49,A+,125/85,223.08,75,No,Multiple sclerosis
867,Tandie,Pennycock,283888777314,Female,66,AB+,110/70,264.59,122,No,Pneumonia
868,Eachelle,Kencott,316874578020,Female,65,A-,110/70,151.01,100,Yes,Crohn's disease
869,Pammi,Goodson,259792935018,Female,91,O-,140/95,123.47,141,Yes,Thrombosis
870,Rosemarie,Dumphy,265293265005,Female,83,B-,110/70,188.71,73,Yes,Melanoma
871,Millard,Darlaston,500013832304,Male,49,AB-,140/95,155.38,169,No,Obsessive-compulsive disorder (OCD)
872,Sarene,Gyer,603235924085,Female,50,B+,110/70,233.11,100,Yes,Psoriasis
873,Moina,Hubble,564740692087,Female,74,B-,130/90,256.38,107,No,Cataracts
874,Anatole,Amar,644835670141,Male,64,A-,120/80,255.67,174,No,Osteoporosis
875,Mag,Minichi,283113633924,Female,8,O-,120/80,205.95,136,No,Rosacea
876,Dietrich,Queste,565129836677,Male,51,AB+,120/80,109.72,134,Yes,Hepatitis
877,Davida,Dalrymple,288085784711,Female,89,AB-,125/85,295.24,113,Yes,Irritable bowel syndrome (IBS)
878,Georgeanne,Brecknock,144452802699,Female,71,O+,130/90,185.23,188,No,Rheumatoid arthritis
879,Gibb,Vittore,882915915917,Male,68,AB-,110/70,289.85,188,No,Endometrial cancer
880,Staffard,Mewhirter,245779347605,Male,45,AB+,140/95,120.07,187,Yes,Menopause
881,Kellia,Salzberg,261046089879,Female,84,A-,110/70,165.5,84,Yes,Gastroenteritis
882,Arv,Shingles,915867252889,Male,23,B+,125/85,265.51,170,No,Melanoma
883,Tom,Skally,560794450073,Male,4,AB-,125/85,282.22,153,Yes,Glioblastoma
884,Billie,Noel,416336730267,Male,80,B-,125/85,144.66,134,Yes,Leukemia
885,Robinson,Stredder,286955116700,Male,43,AB+,130/90,118.38,66,Yes,Lymphoma
886,Beverie,Lohde,743831197855,Female,38,A+,110/70,139.92,143,Yes,Atherosclerosis
887,Lilyan,Elijah,448761895073,Female,80,B-,130/90,142.97,188,No,Rheumatoid arthritis
888,Gardiner,Huleatt,525680023714,Male,75,O+,140/95,243.89,185,Yes,Tourette syndrome
889,Codee,Bolino,684825286824,Female,80,B-,110/70,197.64,114,No,Meningitis
890,Crista,MacKereth,413893671080,Female,16,B-,140/95,211.93,186,No,Tourette syndrome
891,Meghan,Giral,712414877867,Female,85,A-,130/90,134.74,174,No,Pancreatic cancer
892,Wilt,Clue,358728054958,Male,70,AB-,130/90,163.38,103,No,Tourette syndrome
893,Guglielma,Fidock,764353829039,Female,11,A+,140/95,215.09,67,No,Cholera
894,Lowe,Trelease,233201285296,Male,6,AB-,140/95,159.71,191,Yes,Pancreatitis
895,Arlene,Krop,470581885108,Female,64,O-,110/70,128.23,61,No,Peptic ulcer
896,Stephanie,Spelman,537777526967,Female,63,AB+,140/95,177.7,197,Yes,Alzheimer's disease
897,Amata,MacSorley,658393585848,Female,47,A+,130/90,212.31,139,Yes,Hemochromatosis
898,Charlot,Mort,349460805817,Female,72,B+,110/70,180.05,110,No,Atherosclerosis
899,Jocelyne,Muge,332966312124,Female,56,B-,125/85,222.16,80,No,Kidney cancer
900,Martha,Berni,413758781628,Female,83,B+,110/70,223.4,135,No,Huntington's disease
901,Ram,Pitkethly,504886016190,Male,86,O-,130/90,221.0,82,No,Addison's disease
902,Georgie,Tettersell,500937898176,Male,95,B+,120/80,222.66,153,No,Tuberculosis
903,Denys,Hamley,131455424711,Male,21,AB-,125/85,121.2,141,No,Obsessive-compulsive disorder (OCD)
904,Kaitlyn,Etter,188809722059,Female,28,AB-,125/85,118.06,75,Yes,Schizophrenia
905,Earl,Flanagan,571221891287,Male,59,AB+,130/90,141.84,111,Yes,Von Willebrand disease
906,Raff,Rossi,434314402010,Male,103,B+,110/70,269.94,103,No,Atherosclerosis
907,Lothario,Drei,994882517212,Male,82,B-,120/80,268.84,179,Yes,Eczema
908,Halette,Karpmann,850978109661,Female,39,O+,110/70,123.59,114,Yes,Crohn's disease
909,Hildagard,Mortlock,268359203039,Female,79,A+,125/85,156.25,183,No,Rheumatic fever
910,Clemente,Lawden,199468857573,Male,99,B-,130/90,293.0,188,Yes,Melanoma
911,Markus,Tinker,886048119018,Male,67,O-,140/95,194.72,86,No,Cancer
912,Meghan,Thrussell,130303088880,Female,21,B+,120/80,146.42,110,Yes,Brain tumor
913,Faunie,Gouldeby,949099731187,Female,56,A-,110/70,154.42,103,No,Atherosclerosis
914,Rhona,O'Flannery,566628333816,Female,86,B+,125/85,281.5,83,Yes,Addison's disease
915,Twyla,Waber,237746313472,Female,86,B-,140/95,209.93,174,No,Osteomyelitis
916,Domingo,Sherman,899445414158,Genderfluid,79,A-,130/90,253.13,174,No,Erectile dysfunction
917,Laurence,Bozier,942889212177,Male,70,O-,140/95,106.95,72,No,Myeloma
918,Johna,Salsbury,128291035416,Female,91,AB+,120/80,153.57,74,No,Prostatitis
919,Alida,Morhall,174142626077,Female,100,AB-,110/70,168.94,180,No,Kidney cancer
920,Viva,Beste,482970196253,Female,99,O-,125/85,216.71,140,No,Rheumatic fever
921,Jude,Seawright,603796904229,Genderfluid,26,AB+,125/85,104.13,197,Yes,Peptic ulcer
922,Vannie,Ghelarducci,999469398310,Female,26,AB-,125/85,133.06,90,Yes,Amyotrophic lateral sclerosis (ALS)
923,Hilton,Guild,657526348069,Male,97,O-,120/80,283.59,85,No,Premenstrual syndrome (PMS)
924,Stacia,Heibl,344546826535,Female,29,AB+,110/70,178.94,68,Yes,Glaucoma
925,Dwain,Manion,165899770166,Male,65,O+,130/90,205.47,87,No,Attention-deficit/hyperactivity disorder (ADHD)
926,Rozalin,Sinisbury,486221322553,Female,101,B+,140/95,190.57,122,Yes,Pancreatitis
927,Viviene,Chipperfield,841028835646,Female,32,O-,110/70,213.68,156,Yes,Glaucoma
928,Dorisa,MacGinlay,410991368511,Female,37,AB+,110/70,247.61,162,No,Endometriosis
929,Lind,Coughlan,835828259138,Female,4,AB-,125/85,100.32,103,Yes,Attention-deficit/hyperactivity disorder (ADHD)
930,Charmane,Paxeford,606937856324,Female,44,AB+,130/90,276.58,141,No,Polycystic kidney disease
931,Zilvia,Cabble,883042244936,Female,87,AB-,140/95,185.44,161,No,Cholera
932,Lind,Pedley,428366510409,Polygender,89,O-,130/90,218.06,161,Yes,Ulcerative colitis
933,Dorthy,Wenn,538854709582,Female,36,A-,130/90,271.98,131,Yes,Varicose veins
934,Julian,Lathy,566996089171,Male,85,A-,110/70,113.68,93,No,Hemophilia
935,Maison,MacAvaddy,504017893721,Male,71,B-,110/70,188.91,130,No,Tourette syndrome
936,Frayda,Hrishchenko,574804408665,Female,7,O+,140/95,196.36,176,Yes,Irritable bowel syndrome (IBS)
937,Edin,Meanwell,395619318105,Female,74,O+,120/80,239.27,120,Yes,Prostatitis
938,Rois,Heale,439606024541,Genderqueer,83,A-,140/95,112.46,115,Yes,Influenza
939,Welbie,Waterman,960844568927,Male,32,B+,120/80,150.91,196,No,Malaria
940,Lindy,Cusiter,220010412385,Female,63,O-,130/90,207.5,165,No,Turner syndrome
941,Marj,Droogan,583865932134,Female,15,AB-,120/80,297.49,186,Yes,Osteoporosis
942,Alfons,Fere,808720095594,Male,32,A+,120/80,105.26,69,Yes,Cholera
943,Cosmo,Brimfield,644454693238,Male,31,B-,120/80,146.37,185,No,Wilson's disease
944,Melany,Monnoyer,340078352759,Female,79,AB+,120/80,184.12,92,Yes,Erectile dysfunction
945,Cozmo,Thonason,752424909176,Male,45,O+,130/90,291.24,85,No,Brain tumor
946,Garrot,Flipsen,694342334846,Male,5,A-,125/85,134.16,168,No,Thalassemia
947,Shem,Pigdon,292735416703,Polygender,41,A+,110/70,187.71,134,Yes,Bipolar disorder
948,Durand,Brunelleschi,314965571971,Male,76,O+,125/85,139.78,167,No,Ovarian cancer
949,Bette,Jaquet,143252642183,Female,32,A+,130/90,216.68,162,No,Endometriosis
950,Marcelle,Pikett,269609261448,Female,24,A+,140/95,237.67,158,Yes,Ovarian cancer
951,Cleveland,Wallbridge,308766415243,Male,73,A+,130/90,255.09,182,No,Down syndrome
952,Donna,Pulbrook,862915336589,Female,74,B-,120/80,124.73,153,Yes,Parkinson's disease
953,Patrice,Golland,391846754705,Male,36,B-,140/95,199.93,66,No,Graves' disease
954,Fonsie,Dyer,480312293781,Bigender,30,AB-,125/85,149.36,119,No,Sleep apnea
955,Coral,Sutch,930081454485,Female,19,B+,140/95,102.69,113,No,Hepatitis
956,Vinson,Bircher,742869170593,Male,20,A-,120/80,197.01,73,Yes,Attention-deficit/hyperactivity disorder (ADHD)
957,Pedro,Eagleton,851602422178,Male,54,B-,110/70,263.37,199,Yes,Atherosclerosis
958,Jessie,Phipps,852351793571,Male,71,AB-,120/80,264.3,91,No,Alzheimer's disease
959,Orv,Dodimead,115796498852,Male,100,B+,125/85,246.27,160,No,Attention-deficit/hyperactivity disorder (ADHD)
960,Giffie,Haddock,958570625444,Male,64,AB+,130/90,103.99,153,Yes,Influenza
961,Kariotta,Brandon,926615976358,Female,74,A+,110/70,195.57,98,No,Lymphoma
962,Ariella,Glencrash,611059972518,Female,72,A+,140/95,137.27,145,Yes,Myasthenia gravis
963,Hortense,Demare,198171490724,Female,50,AB+,140/95,250.79,175,No,Uterine cancer
964,Irvine,Wetherald,275743693218,Male,39,A+,125/85,192.07,184,No,Polycystic kidney disease
965,Nikita,Whettleton,580981266858,Male,48,O+,120/80,288.96,64,No,Thalassemia
966,Weylin,Fittall,270757599654,Male,84,O-,125/85,230.08,161,Yes,Attention-deficit/hyperactivity disorder (ADHD)
967,Hallsy,O'Reilly,567972231605,Male,85,O-,110/70,149.99,83,No,Thyroid disorders
968,Cob,Isenor,352696367547,Male,14,B-,130/90,285.25,132,No,Rheumatoid arthritis
969,Jeff,Heaseman,779326134717,Male,41,B-,140/95,134.44,83,No,Cholera
970,Gretna,Haker,178080422335,Female,97,B+,120/80,186.19,189,Yes,Menopause
971,Kippie,Loude,692944255430,Male,98,O+,120/80,244.87,137,No,Brain tumor
972,Deerdre,Leon,441322731979,Female,104,A+,125/85,126.82,65,Yes,Premenstrual syndrome (PMS)
973,Guntar,Culcheth,507918342608,Male,6,O+,125/85,137.59,150,No,Meningitis
974,Armin,Wem,661990357458,Male,50,O+,120/80,144.3,69,Yes,HIV/AIDS
975,Orion,Struthers,280442231251,Male,98,A-,120/80,275.83,149,Yes,Bladder cancer
976,Carolynn,Saice,904969427412,Female,54,O-,120/80,174.55,122,No,Cancer
977,Alisander,Gunner,671480486370,Male,61,A-,125/85,206.7,78,Yes,Rosacea
978,Jaime,Kermon,426316716515,Non-binary,18,O-,110/70,141.18,71,Yes,Cardiovascular disease
979,Sydney,Drayton,825589520868,Male,76,B-,130/90,102.21,130,No,Testicular cancer
980,Georgeanne,Crippin,410407442917,Female,102,B+,110/70,186.89,98,No,Meningitis
981,Sig,Crann,143632546284,Male,83,B+,120/80,162.05,150,Yes,Osteoporosis
982,Paolina,Haggie,857771669997,Female,46,AB+,110/70,107.22,117,No,Ovarian cancer
983,Marlo,Gammack,228738431472,Male,6,A-,140/95,211.02,131,Yes,Bipolar disorder
984,Georg,Vinick,359197006323,Male,29,B-,140/95,114.65,197,Yes,Tuberculosis
985,Kiele,Bassill,110564203001,Female,68,A+,110/70,298.33,65,Yes,Premenstrual syndrome (PMS)
986,Dawn,D'Abbot-Doyle,698412677625,Female,50,A+,125/85,231.66,77,No,Huntington's disease
987,Wildon,MacGibbon,842315520513,Male,43,AB-,130/90,233.73,155,No,Alzheimer's disease
988,Barton,Niezen,481916713473,Male,61,AB-,110/70,159.55,126,Yes,Gastritis
989,Rianon,Didsbury,431854754305,Female,27,B-,130/90,265.45,88,Yes,Prostatitis
990,Meridel,Schule,870035413517,Female,16,A+,140/95,151.79,184,No,Thalassemia
991,Randall,Vogeller,379045296654,Male,75,A+,125/85,131.52,173,Yes,Lupus
992,Billy,Gracey,164908808722,Female,68,O+,130/90,242.57,71,Yes,Menopause
993,Mason,Healings,728094145043,Male,29,A+,120/80,226.72,146,No,Cholera
994,Reed,Rediers,880279861780,Male,100,AB+,140/95,158.34,93,Yes,Rosacea
995,Carissa,Dhennin,186513742358,Female,44,AB-,120/80,116.39,160,Yes,Erectile dysfunction
996,Johny,Pinkstone,631052900888,Male,100,B+,110/70,123.99,114,Yes,Ovarian cancer
997,Kyrstin,Allawy,146354141727,Bigender,42,AB+,140/95,275.88,128,Yes,Myasthenia gravis
998,Javier,Corkett,100825643555,Male,43,A-,130/90,290.74,140,No,Graves' disease
999,Brandyn,Villaron,890971347495,Male,3,AB+,140/95,169.11,190,Yes,Atherosclerosis
1000,Frannie,Jenkins,583423711786,Female,73,B+,110/70,239.98,74,Yes,Cancer
